"   ""Time""     ,""Source"",""Destination"",""Protocol"",""Length"",""Info""";;;;;;;;;;;;;;;;time 2;Time 1;  delay ;delay 2;delay 1;jitter
"""0.000000"",""192.168.43.22"",""172.67.75.39"",""TCP"",""54"",""51494  >  443 [FIN, ACK] Seq=1 Ack=1 Win=1022 Len=0""";;;;;;;;;;;;;;;;0.004182;0;#VALUE!;#VALUE!;#VALUE!;#VALUE!
"""0.004182"",""52.114.75.79"",""192.168.43.22"",""TCP"",""54"",""443  >  51488 [RST, ACK] Seq=1 Ack=1 Win=0 Len=0""";;;;;;;;;;;;;;;;0.061952;0.004182;#VALUE!;#VALUE!;#VALUE!;#VALUE!
"""0.061952"",""172.67.75.39"",""192.168.43.22"",""TCP"",""54"",""443  >  51494 [FIN, ACK] Seq=1 Ack=2 Win=67 Len=0""";;;;;;;;;;;;;;;;0.062067;0.061952;#VALUE!;#VALUE!;#VALUE!;#VALUE!
"""0.062067"",""192.168.43.22"",""172.67.75.39"",""TCP"",""54"",""51494  >  443 [ACK] Seq=2 Ack=2 Win=1022 Len=0""";;;;;;;;;;;;;;;;0.908939;0.062067;#VALUE!;#VALUE!;#VALUE!;#VALUE!
"""0.908939"",""192.168.43.22"",""114.4.165.97"",""TCP"",""66"",""51510  >  443 [SYN] Seq=0 Win=65535 Len=0 MSS=1460 WS=256 SACK_PERM=1""";;;;;;;;;;;;;;;;0.961136;0.908939;#VALUE!;#VALUE!;#VALUE!;#VALUE!
"""0.961136"",""114.4.165.97"",""192.168.43.22"",""TCP"",""66"",""443  >  51510 [SYN, ACK] Seq=0 Ack=1 Win=29200 Len=0 MSS=1360 SACK_PERM=1 WS=128""";;;;;;;;;;;;;;;;0.961310;0.961136;#VALUE!;#VALUE!;#VALUE!;#VALUE!
"""0.961310"",""192.168.43.22"",""114.4.165.97"",""TCP"",""54"",""51510  >  443 [ACK] Seq=1 Ack=1 Win=262144 Len=0""";;;;;;;;;;;;;;;;0.972199;0.961310;#VALUE!;#VALUE!;#VALUE!;#VALUE!
"""0.972199"",""192.168.43.22"",""114.4.165.97"",""TLSv1.2"",""275"",""Client Hello""";;;;;;;;;;;;;;;;1.020.783;0.972199;0;118;#VALUE!;#VALUE!
"""1.020783"",""114.4.165.97"",""192.168.43.22"",""TLSv1.2"",""1414"",""Server Hello""";;;;;;;;;;;;;;;;1.020.901;1.020.783;118;11.154;118;11.036
"""1.020901"",""192.168.43.22"",""114.4.165.97"",""TCP"",""54"",""51510  >  443 [ACK] Seq=222 Ack=1361 Win=262144 Len=0""";;;;;;;;;;;;;;;;1.032.055;1.020.901;11.154;113;11.154;-11.041
"""1.032055"",""114.4.165.97"",""192.168.43.22"",""TCP"",""1414"",""443  >  51510 [ACK] Seq=1361 Ack=222 Win=30336 Len=1360 [TCP segment of a reassembled PDU]""";;;;;;;;;;;;;;;;1.032.168;1.032.055;113;288;113;175
"""1.032168"",""192.168.43.22"",""114.4.165.97"",""TCP"",""54"",""51510  >  443 [ACK] Seq=222 Ack=2721 Win=262144 Len=0""";;;;;;;;;;;;;;;;1.032.456;1.032.168;288;35;288;-253
"""1.032456"",""114.4.165.97"",""192.168.43.22"",""TLSv1.2"",""1414"",""Certificate [TCP segment of a reassembled PDU]""";;;;;;;;;;;;;;;;1.032.491;1.032.456;35;272;35;237
"""1.032491"",""192.168.43.22"",""114.4.165.97"",""TCP"",""54"",""51510  >  443 [ACK] Seq=222 Ack=4081 Win=262144 Len=0""";;;;;;;;;;;;;;;;1.032.763;1.032.491;272;30;272;-242
"""1.032763"",""114.4.165.97"",""192.168.43.22"",""TCP"",""70"",""443  >  51510 [PSH, ACK] Seq=4081 Ack=222 Win=30336 Len=16 [TCP segment of a reassembled PDU]""";;;;;;;;;;;;;;;;1.032.793;1.032.763;30;266;30;236
"""1.032793"",""192.168.43.22"",""114.4.165.97"",""TCP"",""54"",""51510  >  443 [ACK] Seq=222 Ack=4097 Win=261888 Len=0""";;;;;;;;;;;;;;;;1.033.059;1.032.793;266;26;266;-240
"""1.033059"",""114.4.165.97"",""192.168.43.22"",""TCP"",""54"",""443  >  51510 [ACK] Seq=1 Ack=222 Win=30336 Len=0""";;;;;;;;;;;;;;;;1.033.085;1.033.059;26;26.139;26;26.113
"""1.033085"",""192.168.43.22"",""114.4.165.97"",""TCP"",""54"",""[TCP Dup ACK 18#1] 51510  >  443 [ACK] Seq=222 Ack=4097 Win=261888 Len=0""";;;;;;;;;;;;;;;;1.059.224;1.033.085;26.139;105;26.139;-26.034
"""1.059224"",""114.4.165.97"",""192.168.43.22"",""TCP"",""1414"",""443  >  51510 [ACK] Seq=4097 Ack=222 Win=30336 Len=1360 [TCP segment of a reassembled PDU]""";;;;;;;;;;;;;;;;1.059.329;1.059.224;105;276;105;171
"""1.059329"",""192.168.43.22"",""114.4.165.97"",""TCP"",""54"",""51510  >  443 [ACK] Seq=222 Ack=5457 Win=262144 Len=0""";;;;;;;;;;;;;;;;1.059.605;1.059.329;276;;276;-276
"23,""1.059605"",""114.4.165.97"",""192.168.43.22"",""TLSv1.2"",""694"",""Certificate Status, Server Key Exchange, Server Hello Done""";;;;;;;;;;;;;;;;;;;;;
"24,""1.059639"",""192.168.43.22"",""114.4.165.97"",""TCP"",""54"",""51510  >  443 [ACK] Seq=222 Ack=6097 Win=261376 Len=0""";;;;;;;;;;;;;;;;;total delay=sum(;38822;;total jitter;10,882
"25,""1.183526"",""192.168.43.22"",""114.4.165.97"",""TLSv1.2"",""180"",""Client Key Exchange, Change Cipher Spec, Encrypted Handshake Message""";;;;;;;;;;;;;;;;;rata rata d;70,075;;rata2 jitter;0,0238
"26,""1.204530"",""192.168.43.22"",""114.4.165.97"",""TCP"",""1414"",""51510  >  443 [ACK] Seq=348 Ack=6097 Win=261376 Len=1360 [TCP segment of a reassembled PDU]""";;;;;;;;;;;;;;;;;;;;;
"27,""1.204530"",""192.168.43.22"",""114.4.165.97"",""TCP"",""1414"",""51510  >  443 [ACK] Seq=1708 Ack=6097 Win=261376 Len=1360 [TCP segment of a reassembled PDU]""";;;;;;;;;;;;;;;;;;;;;
"28,""1.204530"",""192.168.43.22"",""114.4.165.97"",""TLSv1.2"",""337"",""Application Data""";;;;;;;;;;;;;;;;;;;;;
"29,""1.237680"",""114.4.165.97"",""192.168.43.22"",""TLSv1.2"",""328"",""New Session Ticket, Change Cipher Spec, Encrypted Handshake Message""";;;;;;;;;;;;;;;;;;;;;
"30,""1.237802"",""192.168.43.22"",""114.4.165.97"",""TCP"",""54"",""51510  >  443 [ACK] Seq=3351 Ack=6371 Win=261120 Len=0""";;;;;;;;;;;;;;;;;;;;;
"31,""1.273633"",""114.4.165.97"",""192.168.43.22"",""TCP"",""54"",""443  >  51510 [ACK] Seq=6371 Ack=3068 Win=36224 Len=0""";;;;;;;;;;;;;;;;;;;;;
"32,""1.298171"",""114.4.165.97"",""192.168.43.22"",""TCP"",""54"",""443  >  51510 [ACK] Seq=6371 Ack=3351 Win=38912 Len=0""";;;;;;;;;;;;;;;;;;;;;
"33,""2.008776"",""192.168.43.22"",""114.4.165.97"",""TCP"",""66"",""51511  >  443 [SYN] Seq=0 Win=65535 Len=0 MSS=1460 WS=256 SACK_PERM=1""";;;;;;;;;;;;;;;;;;;;;
"34,""2.048192"",""114.4.165.97"",""192.168.43.22"",""TCP"",""66"",""443  >  51511 [SYN, ACK] Seq=0 Ack=1 Win=29200 Len=0 MSS=1360 SACK_PERM=1 WS=128""";;;;;;;;;;;;;;;;;;;;;
"35,""2.048357"",""192.168.43.22"",""114.4.165.97"",""TCP"",""54"",""51511  >  443 [ACK] Seq=1 Ack=1 Win=262144 Len=0""";;;;;;;;;;;;;;;;;;;;;
"36,""2.050739"",""192.168.43.22"",""114.4.165.97"",""TLSv1.2"",""275"",""Client Hello""";;;;;;;;;;;;;;;;;;;;;
"37,""2.104937"",""114.4.165.97"",""192.168.43.22"",""TCP"",""54"",""443  >  51511 [ACK] Seq=1 Ack=222 Win=30336 Len=0""";;;;;;;;;;;;;;;;;;;;;
"38,""2.110965"",""114.4.165.97"",""192.168.43.22"",""TLSv1.2"",""1414"",""Server Hello""";;;;;;;;;;;;;;;;;;;;;
"39,""2.111116"",""192.168.43.22"",""114.4.165.97"",""TCP"",""54"",""51511  >  443 [ACK] Seq=222 Ack=1361 Win=262144 Len=0""";;;;;;;;;;;;;;;;;;;;;
"40,""2.116601"",""114.4.165.97"",""192.168.43.22"",""TCP"",""1414"",""443  >  51511 [ACK] Seq=1361 Ack=222 Win=30336 Len=1360 [TCP segment of a reassembled PDU]""";;;;;;;;;;;;;;;;;;;;;
"41,""2.116714"",""192.168.43.22"",""114.4.165.97"",""TCP"",""54"",""51511  >  443 [ACK] Seq=222 Ack=2721 Win=262144 Len=0""";;;;;;;;;;;;;;;;;;;;;
"42,""2.117476"",""114.4.165.97"",""192.168.43.22"",""TLSv1.2"",""1414"",""Certificate [TCP segment of a reassembled PDU]""";;;;;;;;;;;;;;;;;;;;;
"43,""2.117587"",""192.168.43.22"",""114.4.165.97"",""TCP"",""54"",""51511  >  443 [ACK] Seq=222 Ack=4081 Win=262144 Len=0""";;;;;;;;;;;;;;;;;;;;;
"44,""2.118256"",""114.4.165.97"",""192.168.43.22"",""TCP"",""70"",""443  >  51511 [PSH, ACK] Seq=4081 Ack=222 Win=30336 Len=16 [TCP segment of a reassembled PDU]""";;;;;;;;;;;;;;;;;;;;;
"45,""2.118316"",""192.168.43.22"",""114.4.165.97"",""TCP"",""54"",""51511  >  443 [ACK] Seq=222 Ack=4097 Win=261888 Len=0""";;;;;;;;;;;;;;;;;;;;;
"46,""2.152910"",""114.4.165.97"",""192.168.43.22"",""TCP"",""1414"",""443  >  51511 [ACK] Seq=4097 Ack=222 Win=30336 Len=1360 [TCP segment of a reassembled PDU]""";;;;;;;;;;;;;;;;;;;;;
"47,""2.153030"",""192.168.43.22"",""114.4.165.97"",""TCP"",""54"",""51511  >  443 [ACK] Seq=222 Ack=5457 Win=262144 Len=0""";;;;;;;;;;;;;;;;;;;;;
"48,""2.153428"",""114.4.165.97"",""192.168.43.22"",""TLSv1.2"",""694"",""Certificate Status, Server Key Exchange, Server Hello Done""";;;;;;;;;;;;;;;;;;;;;
"49,""2.153488"",""192.168.43.22"",""114.4.165.97"",""TCP"",""54"",""51511  >  443 [ACK] Seq=222 Ack=6097 Win=261376 Len=0""";;;;;;;;;;;;;;;;;;;;;
"50,""2.158405"",""192.168.43.22"",""114.4.165.97"",""TLSv1.2"",""180"",""Client Key Exchange, Change Cipher Spec, Encrypted Handshake Message""";;;;;;;;;;;;;;;;;;;;;
"51,""2.160210"",""192.168.43.22"",""114.4.165.97"",""TCP"",""1414"",""51511  >  443 [ACK] Seq=348 Ack=6097 Win=261376 Len=1360 [TCP segment of a reassembled PDU]""";;;;;;;;;;;;;;;;;;;;;
"52,""2.160210"",""192.168.43.22"",""114.4.165.97"",""TCP"",""1414"",""51511  >  443 [ACK] Seq=1708 Ack=6097 Win=261376 Len=1360 [TCP segment of a reassembled PDU]""";;;;;;;;;;;;;;;;;;;;;
"53,""2.160210"",""192.168.43.22"",""114.4.165.97"",""TLSv1.2"",""337"",""Application Data""";;;;;;;;;;;;;;;;;;;;;
"54,""2.169762"",""192.168.43.22"",""114.4.165.97"",""TCP"",""66"",""51512  >  443 [SYN] Seq=0 Win=65535 Len=0 MSS=1460 WS=256 SACK_PERM=1""";;;;;;;;;;;;;;;;;;;;;
"55,""2.210497"",""114.4.165.97"",""192.168.43.22"",""TLSv1.2"",""328"",""New Session Ticket, Change Cipher Spec, Encrypted Handshake Message""";;;;;;;;;;;;;;;;;;;;;
"56,""2.210615"",""192.168.43.22"",""114.4.165.97"",""TCP"",""54"",""51511  >  443 [ACK] Seq=3351 Ack=6371 Win=261120 Len=0""";;;;;;;;;;;;;;;;;;;;;
"57,""2.210794"",""114.4.165.97"",""192.168.43.22"",""TCP"",""66"",""443  >  51512 [SYN, ACK] Seq=0 Ack=1 Win=29200 Len=0 MSS=1360 SACK_PERM=1 WS=128""";;;;;;;;;;;;;;;;;;;;;
"58,""2.210872"",""192.168.43.22"",""114.4.165.97"",""TCP"",""54"",""51512  >  443 [ACK] Seq=1 Ack=1 Win=262144 Len=0""";;;;;;;;;;;;;;;;;;;;;
"59,""2.211892"",""192.168.43.22"",""114.4.165.97"",""TLSv1.2"",""275"",""Client Hello""";;;;;;;;;;;;;;;;;;;;;
"60,""2.216557"",""114.4.165.97"",""192.168.43.22"",""TCP"",""54"",""443  >  51511 [ACK] Seq=6371 Ack=3351 Win=36480 Len=0""";;;;;;;;;;;;;;;;;;;;;
"61,""2.261784"",""114.4.165.97"",""192.168.43.22"",""TCP"",""54"",""443  >  51512 [ACK] Seq=1 Ack=222 Win=30336 Len=0""";;;;;;;;;;;;;;;;;;;;;
"62,""2.264561"",""114.4.165.97"",""192.168.43.22"",""TLSv1.2"",""1414"",""Server Hello""";;;;;;;;;;;;;;;;;;;;;
"63,""2.264751"",""192.168.43.22"",""114.4.165.97"",""TCP"",""54"",""51512  >  443 [ACK] Seq=222 Ack=1361 Win=262144 Len=0""";;;;;;;;;;;;;;;;;;;;;
"64,""2.265156"",""114.4.165.97"",""192.168.43.22"",""TCP"",""1414"",""443  >  51512 [ACK] Seq=1361 Ack=222 Win=30336 Len=1360 [TCP segment of a reassembled PDU]""";;;;;;;;;;;;;;;;;;;;;
"65,""2.265225"",""192.168.43.22"",""114.4.165.97"",""TCP"",""54"",""51512  >  443 [ACK] Seq=222 Ack=2721 Win=262144 Len=0""";;;;;;;;;;;;;;;;;;;;;
"66,""2.265633"",""114.4.165.97"",""192.168.43.22"",""TLSv1.2"",""1414"",""Certificate [TCP segment of a reassembled PDU]""";;;;;;;;;;;;;;;;;;;;;
"67,""2.265680"",""192.168.43.22"",""114.4.165.97"",""TCP"",""54"",""51512  >  443 [ACK] Seq=222 Ack=4081 Win=262144 Len=0""";;;;;;;;;;;;;;;;;;;;;
"68,""2.265928"",""114.4.165.97"",""192.168.43.22"",""TCP"",""70"",""443  >  51512 [PSH, ACK] Seq=4081 Ack=222 Win=30336 Len=16 [TCP segment of a reassembled PDU]""";;;;;;;;;;;;;;;;;;;;;
"69,""2.265961"",""192.168.43.22"",""114.4.165.97"",""TCP"",""54"",""51512  >  443 [ACK] Seq=222 Ack=4097 Win=261888 Len=0""";;;;;;;;;;;;;;;;;;;;;
"70,""2.299426"",""114.4.165.97"",""192.168.43.22"",""TCP"",""1414"",""443  >  51512 [ACK] Seq=4097 Ack=222 Win=30336 Len=1360 [TCP segment of a reassembled PDU]""";;;;;;;;;;;;;;;;;;;;;
"71,""2.299562"",""192.168.43.22"",""114.4.165.97"",""TCP"",""54"",""51512  >  443 [ACK] Seq=222 Ack=5457 Win=262144 Len=0""";;;;;;;;;;;;;;;;;;;;;
"72,""2.306027"",""114.4.165.97"",""192.168.43.22"",""TLSv1.2"",""694"",""Certificate Status, Server Key Exchange, Server Hello Done""";;;;;;;;;;;;;;;;;;;;;
"73,""2.306213"",""192.168.43.22"",""114.4.165.97"",""TCP"",""54"",""51512  >  443 [ACK] Seq=222 Ack=6097 Win=261376 Len=0""";;;;;;;;;;;;;;;;;;;;;
"74,""2.316581"",""192.168.43.22"",""114.4.165.97"",""TLSv1.2"",""180"",""Client Key Exchange, Change Cipher Spec, Encrypted Handshake Message""";;;;;;;;;;;;;;;;;;;;;
"75,""2.317906"",""192.168.43.22"",""114.4.165.97"",""TCP"",""1414"",""51512  >  443 [ACK] Seq=348 Ack=6097 Win=261376 Len=1360 [TCP segment of a reassembled PDU]""";;;;;;;;;;;;;;;;;;;;;
"76,""2.317906"",""192.168.43.22"",""114.4.165.97"",""TCP"",""1414"",""51512  >  443 [ACK] Seq=1708 Ack=6097 Win=261376 Len=1360 [TCP segment of a reassembled PDU]""";;;;;;;;;;;;;;;;;;;;;
"77,""2.317906"",""192.168.43.22"",""114.4.165.97"",""TLSv1.2"",""350"",""Application Data""";;;;;;;;;;;;;;;;;;;;;
"78,""2.358723"",""114.4.165.97"",""192.168.43.22"",""TLSv1.2"",""328"",""New Session Ticket, Change Cipher Spec, Encrypted Handshake Message""";;;;;;;;;;;;;;;;;;;;;
"79,""2.358838"",""192.168.43.22"",""114.4.165.97"",""TCP"",""54"",""51512  >  443 [ACK] Seq=3364 Ack=6371 Win=261120 Len=0""";;;;;;;;;;;;;;;;;;;;;
"80,""2.370633"",""114.4.165.97"",""192.168.43.22"",""TCP"",""54"",""443  >  51512 [ACK] Seq=6371 Ack=3364 Win=36608 Len=0""";;;;;;;;;;;;;;;;;;;;;
"81,""2.430802"",""114.4.165.97"",""192.168.43.22"",""TCP"",""1414"",""443  >  51512 [ACK] Seq=6371 Ack=3364 Win=36608 Len=1360 [TCP segment of a reassembled PDU]""";;;;;;;;;;;;;;;;;;;;;
"82,""2.430924"",""192.168.43.22"",""114.4.165.97"",""TCP"",""54"",""51512  >  443 [ACK] Seq=3364 Ack=7731 Win=262144 Len=0""";;;;;;;;;;;;;;;;;;;;;
"83,""2.436478"",""114.4.165.97"",""192.168.43.22"",""TLSv1.2"",""754"",""Application Data""";;;;;;;;;;;;;;;;;;;;;
"84,""2.436585"",""192.168.43.22"",""114.4.165.97"",""TCP"",""54"",""51512  >  443 [ACK] Seq=3364 Ack=8431 Win=261376 Len=0""";;;;;;;;;;;;;;;;;;;;;
"85,""2.442044"",""114.4.165.97"",""192.168.43.22"",""TCP"",""4134"",""443  >  51512 [ACK] Seq=8431 Ack=3364 Win=36608 Len=4080 [TCP segment of a reassembled PDU]""";;;;;;;;;;;;;;;;;;;;;
"86,""2.442160"",""192.168.43.22"",""114.4.165.97"",""TCP"",""54"",""51512  >  443 [ACK] Seq=3364 Ack=12511 Win=262144 Len=0""";;;;;;;;;;;;;;;;;;;;;
"87,""2.442437"",""114.4.165.97"",""192.168.43.22"",""TCP"",""5494"",""443  >  51512 [ACK] Seq=12511 Ack=3364 Win=36608 Len=5440 [TCP segment of a reassembled PDU]""";;;;;;;;;;;;;;;;;;;;;
"88,""2.442517"",""192.168.43.22"",""114.4.165.97"",""TCP"",""54"",""51512  >  443 [ACK] Seq=3364 Ack=17951 Win=262144 Len=0""";;;;;;;;;;;;;;;;;;;;;
"89,""2.442971"",""114.4.165.97"",""192.168.43.22"",""TCP"",""2774"",""443  >  51512 [ACK] Seq=17951 Ack=3364 Win=36608 Len=2720 [TCP segment of a reassembled PDU]""";;;;;;;;;;;;;;;;;;;;;
"90,""2.443004"",""192.168.43.22"",""114.4.165.97"",""TCP"",""54"",""51512  >  443 [ACK] Seq=3364 Ack=20671 Win=262144 Len=0""";;;;;;;;;;;;;;;;;;;;;
"91,""2.443079"",""114.4.165.97"",""192.168.43.22"",""TCP"",""1414"",""443  >  51512 [ACK] Seq=20671 Ack=3364 Win=36608 Len=1360 [TCP segment of a reassembled PDU]""";;;;;;;;;;;;;;;;;;;;;
"92,""2.443102"",""192.168.43.22"",""114.4.165.97"",""TCP"",""54"",""51512  >  443 [ACK] Seq=3364 Ack=22031 Win=262144 Len=0""";;;;;;;;;;;;;;;;;;;;;
"93,""2.443293"",""114.4.165.97"",""192.168.43.22"",""TCP"",""1414"",""443  >  51512 [ACK] Seq=22031 Ack=3364 Win=36608 Len=1360 [TCP segment of a reassembled PDU]""";;;;;;;;;;;;;;;;;;;;;
"94,""2.443318"",""192.168.43.22"",""114.4.165.97"",""TCP"",""54"",""51512  >  443 [ACK] Seq=3364 Ack=23391 Win=262144 Len=0""";;;;;;;;;;;;;;;;;;;;;
"95,""2.443793"",""114.4.165.97"",""192.168.43.22"",""TCP"",""1414"",""443  >  51512 [ACK] Seq=23391 Ack=3364 Win=36608 Len=1360 [TCP segment of a reassembled PDU]""";;;;;;;;;;;;;;;;;;;;;
"96,""2.443860"",""192.168.43.22"",""114.4.165.97"",""TCP"",""54"",""51512  >  443 [ACK] Seq=3364 Ack=24751 Win=262144 Len=0""";;;;;;;;;;;;;;;;;;;;;
"97,""2.448029"",""114.4.165.97"",""192.168.43.22"",""TLSv1.2"",""1414"",""Application Data [TCP segment of a reassembled PDU]""";;;;;;;;;;;;;;;;;;;;;
"98,""2.448143"",""192.168.43.22"",""114.4.165.97"",""TCP"",""54"",""51512  >  443 [ACK] Seq=3364 Ack=26111 Win=262144 Len=0""";;;;;;;;;;;;;;;;;;;;;
"99,""2.448436"",""114.4.165.97"",""192.168.43.22"",""TCP"",""1414"",""443  >  51512 [ACK] Seq=26111 Ack=3364 Win=36608 Len=1360 [TCP segment of a reassembled PDU]""";;;;;;;;;;;;;;;;;;;;;
"100,""2.448459"",""192.168.43.22"",""114.4.165.97"",""TCP"",""54"",""51512  >  443 [ACK] Seq=3364 Ack=27471 Win=262144 Len=0""";;;;;;;;;;;;;;;;;;;;;
"101,""2.448645"",""114.4.165.97"",""192.168.43.22"",""TCP"",""1414"",""443  >  51512 [ACK] Seq=27471 Ack=3364 Win=36608 Len=1360 [TCP segment of a reassembled PDU]""";;;;;;;;;;;;;;;;;;;;;
"102,""2.448670"",""192.168.43.22"",""114.4.165.97"",""TCP"",""54"",""51512  >  443 [ACK] Seq=3364 Ack=28831 Win=262144 Len=0""";;;;;;;;;;;;;;;;;;;;;
"103,""2.469481"",""114.4.165.97"",""192.168.43.22"",""TCP"",""1414"",""443  >  51512 [ACK] Seq=28831 Ack=3364 Win=36608 Len=1360 [TCP segment of a reassembled PDU]""";;;;;;;;;;;;;;;;;;;;;
"104,""2.469580"",""192.168.43.22"",""114.4.165.97"",""TCP"",""54"",""51512  >  443 [ACK] Seq=3364 Ack=30191 Win=262144 Len=0""";;;;;;;;;;;;;;;;;;;;;
"105,""2.475507"",""114.4.165.97"",""192.168.43.22"",""TCP"",""1414"",""443  >  51512 [ACK] Seq=30191 Ack=3364 Win=36608 Len=1360 [TCP segment of a reassembled PDU]""";;;;;;;;;;;;;;;;;;;;;
"106,""2.475610"",""192.168.43.22"",""114.4.165.97"",""TCP"",""54"",""51512  >  443 [ACK] Seq=3364 Ack=31551 Win=262144 Len=0""";;;;;;;;;;;;;;;;;;;;;
"107,""2.481276"",""114.4.165.97"",""192.168.43.22"",""TCP"",""1414"",""443  >  51512 [ACK] Seq=31551 Ack=3364 Win=36608 Len=1360 [TCP segment of a reassembled PDU]""";;;;;;;;;;;;;;;;;;;;;
"108,""2.481427"",""192.168.43.22"",""114.4.165.97"",""TCP"",""54"",""51512  >  443 [ACK] Seq=3364 Ack=32911 Win=262144 Len=0""";;;;;;;;;;;;;;;;;;;;;
"109,""2.488866"",""114.4.165.97"",""192.168.43.22"",""TLSv1.2"",""1414"",""Application Data [TCP segment of a reassembled PDU]""";;;;;;;;;;;;;;;;;;;;;
"110,""2.488984"",""192.168.43.22"",""114.4.165.97"",""TCP"",""54"",""51512  >  443 [ACK] Seq=3364 Ack=34271 Win=262144 Len=0""";;;;;;;;;;;;;;;;;;;;;
"111,""2.489256"",""114.4.165.97"",""192.168.43.22"",""TCP"",""1414"",""443  >  51512 [ACK] Seq=34271 Ack=3364 Win=36608 Len=1360 [TCP segment of a reassembled PDU]""";;;;;;;;;;;;;;;;;;;;;
"112,""2.489284"",""192.168.43.22"",""114.4.165.97"",""TCP"",""54"",""51512  >  443 [ACK] Seq=3364 Ack=35631 Win=262144 Len=0""";;;;;;;;;;;;;;;;;;;;;
"113,""2.492682"",""114.4.165.97"",""192.168.43.22"",""TCP"",""2774"",""443  >  51512 [ACK] Seq=35631 Ack=3364 Win=36608 Len=2720 [TCP segment of a reassembled PDU]""";;;;;;;;;;;;;;;;;;;;;
"114,""2.492799"",""192.168.43.22"",""114.4.165.97"",""TCP"",""54"",""51512  >  443 [ACK] Seq=3364 Ack=38351 Win=262144 Len=0""";;;;;;;;;;;;;;;;;;;;;
"115,""2.493029"",""114.4.165.97"",""192.168.43.22"",""TCP"",""1414"",""443  >  51512 [ACK] Seq=38351 Ack=3364 Win=36608 Len=1360 [TCP segment of a reassembled PDU]""";;;;;;;;;;;;;;;;;;;;;
"116,""2.493057"",""192.168.43.22"",""114.4.165.97"",""TCP"",""54"",""51512  >  443 [ACK] Seq=3364 Ack=39711 Win=262144 Len=0""";;;;;;;;;;;;;;;;;;;;;
"117,""2.493343"",""114.4.165.97"",""192.168.43.22"",""TLSv1.2"",""1414"",""Application Data [TCP segment of a reassembled PDU]""";;;;;;;;;;;;;;;;;;;;;
"118,""2.493365"",""192.168.43.22"",""114.4.165.97"",""TCP"",""54"",""51512  >  443 [ACK] Seq=3364 Ack=41071 Win=262144 Len=0""";;;;;;;;;;;;;;;;;;;;;
"119,""2.493442"",""114.4.165.97"",""192.168.43.22"",""TCP"",""1414"",""443  >  51512 [ACK] Seq=41071 Ack=3364 Win=36608 Len=1360 [TCP segment of a reassembled PDU]""";;;;;;;;;;;;;;;;;;;;;
"120,""2.493462"",""192.168.43.22"",""114.4.165.97"",""TCP"",""54"",""51512  >  443 [ACK] Seq=3364 Ack=42431 Win=262144 Len=0""";;;;;;;;;;;;;;;;;;;;;
"121,""2.501578"",""114.4.165.97"",""192.168.43.22"",""TCP"",""2774"",""443  >  51512 [ACK] Seq=42431 Ack=3364 Win=36608 Len=2720 [TCP segment of a reassembled PDU]""";;;;;;;;;;;;;;;;;;;;;
"122,""2.501689"",""192.168.43.22"",""114.4.165.97"",""TCP"",""54"",""51512  >  443 [ACK] Seq=3364 Ack=45151 Win=262144 Len=0""";;;;;;;;;;;;;;;;;;;;;
"123,""2.501932"",""114.4.165.97"",""192.168.43.22"",""TCP"",""1414"",""443  >  51512 [ACK] Seq=45151 Ack=3364 Win=36608 Len=1360 [TCP segment of a reassembled PDU]""";;;;;;;;;;;;;;;;;;;;;
"124,""2.501959"",""192.168.43.22"",""114.4.165.97"",""TCP"",""54"",""51512  >  443 [ACK] Seq=3364 Ack=46511 Win=262144 Len=0""";;;;;;;;;;;;;;;;;;;;;
"125,""2.502231"",""114.4.165.97"",""192.168.43.22"",""TCP"",""1414"",""443  >  51512 [ACK] Seq=46511 Ack=3364 Win=36608 Len=1360 [TCP segment of a reassembled PDU]""";;;;;;;;;;;;;;;;;;;;;
"126,""2.502260"",""192.168.43.22"",""114.4.165.97"",""TCP"",""54"",""51512  >  443 [ACK] Seq=3364 Ack=47871 Win=262144 Len=0""";;;;;;;;;;;;;;;;;;;;;
"127,""2.502439"",""114.4.165.97"",""192.168.43.22"",""TLSv1.2"",""809"",""Application Data""";;;;;;;;;;;;;;;;;;;;;
"128,""2.502463"",""192.168.43.22"",""114.4.165.97"",""TCP"",""54"",""51512  >  443 [ACK] Seq=3364 Ack=48626 Win=261376 Len=0""";;;;;;;;;;;;;;;;;;;;;
"129,""2.759789"",""192.168.43.22"",""114.4.165.97"",""TCP"",""1414"",""51512  >  443 [ACK] Seq=3364 Ack=48626 Win=261376 Len=1360 [TCP segment of a reassembled PDU]""";;;;;;;;;;;;;;;;;;;;;
"130,""2.759789"",""192.168.43.22"",""114.4.165.97"",""TCP"",""1414"",""51512  >  443 [ACK] Seq=4724 Ack=48626 Win=261376 Len=1360 [TCP segment of a reassembled PDU]""";;;;;;;;;;;;;;;;;;;;;
"131,""2.759789"",""192.168.43.22"",""114.4.165.97"",""TLSv1.2"",""382"",""Application Data""";;;;;;;;;;;;;;;;;;;;;
"132,""2.868484"",""114.4.165.97"",""192.168.43.22"",""TCP"",""54"",""443  >  51512 [ACK] Seq=48626 Ack=6084 Win=42368 Len=0""";;;;;;;;;;;;;;;;;;;;;
"133,""2.908511"",""114.4.165.97"",""192.168.43.22"",""TCP"",""54"",""443  >  51512 [ACK] Seq=48626 Ack=6412 Win=45184 Len=0""";;;;;;;;;;;;;;;;;;;;;
"136,""3.094733"",""192.168.43.22"",""13.107.42.12"",""TCP"",""66"",""51513  >  443 [SYN] Seq=0 Win=65535 Len=0 MSS=1460 WS=256 SACK_PERM=1""";;;;;;;;;;;;;;;;;;;;;
"137,""3.140116"",""13.107.42.12"",""192.168.43.22"",""TCP"",""66"",""443  >  51513 [SYN, ACK] Seq=0 Ack=1 Win=65535 Len=0 MSS=1360 WS=256 SACK_PERM=1""";;;;;;;;;;;;;;;;;;;;;
"138,""3.140302"",""192.168.43.22"",""13.107.42.12"",""TCP"",""54"",""51513  >  443 [ACK] Seq=1 Ack=1 Win=262144 Len=0""";;;;;;;;;;;;;;;;;;;;;
"139,""3.146146"",""192.168.43.22"",""13.107.42.12"",""TLSv1.2"",""286"",""Client Hello""";;;;;;;;;;;;;;;;;;;;;
"140,""3.216426"",""13.107.42.12"",""192.168.43.22"",""TCP"",""54"",""443  >  51513 [ACK] Seq=1 Ack=233 Win=524544 Len=0""";;;;;;;;;;;;;;;;;;;;;
"141,""3.223589"",""13.107.42.12"",""192.168.43.22"",""TCP"",""1414"",""443  >  51513 [ACK] Seq=1 Ack=233 Win=524544 Len=1360 [TCP segment of a reassembled PDU]""";;;;;;;;;;;;;;;;;;;;;
"142,""3.223715"",""192.168.43.22"",""13.107.42.12"",""TCP"",""54"",""51513  >  443 [ACK] Seq=233 Ack=1361 Win=262144 Len=0""";;;;;;;;;;;;;;;;;;;;;
"143,""3.223981"",""13.107.42.12"",""192.168.43.22"",""TCP"",""1414"",""443  >  51513 [ACK] Seq=1361 Ack=233 Win=524544 Len=1360 [TCP segment of a reassembled PDU]""";;;;;;;;;;;;;;;;;;;;;
"144,""3.224020"",""192.168.43.22"",""13.107.42.12"",""TCP"",""54"",""51513  >  443 [ACK] Seq=233 Ack=2721 Win=262144 Len=0""";;;;;;;;;;;;;;;;;;;;;
"145,""3.224286"",""13.107.42.12"",""192.168.43.22"",""TCP"",""1414"",""443  >  51513 [ACK] Seq=2721 Ack=233 Win=524544 Len=1360 [TCP segment of a reassembled PDU]""";;;;;;;;;;;;;;;;;;;;;
"146,""3.224322"",""192.168.43.22"",""13.107.42.12"",""TCP"",""54"",""51513  >  443 [ACK] Seq=233 Ack=4081 Win=262144 Len=0""";;;;;;;;;;;;;;;;;;;;;
"147,""3.229076"",""13.107.42.12"",""192.168.43.22"",""TCP"",""1414"",""443  >  51513 [ACK] Seq=4081 Ack=233 Win=524544 Len=1360 [TCP segment of a reassembled PDU]""";;;;;;;;;;;;;;;;;;;;;
"148,""3.229199"",""192.168.43.22"",""13.107.42.12"",""TCP"",""54"",""51513  >  443 [ACK] Seq=233 Ack=5441 Win=262144 Len=0""";;;;;;;;;;;;;;;;;;;;;
"149,""3.229458"",""13.107.42.12"",""192.168.43.22"",""TCP"",""1414"",""443  >  51513 [ACK] Seq=5441 Ack=233 Win=524544 Len=1360 [TCP segment of a reassembled PDU]""";;;;;;;;;;;;;;;;;;;;;
"150,""3.229497"",""192.168.43.22"",""13.107.42.12"",""TCP"",""54"",""51513  >  443 [ACK] Seq=233 Ack=6801 Win=262144 Len=0""";;;;;;;;;;;;;;;;;;;;;
"151,""3.229862"",""13.107.42.12"",""192.168.43.22"",""TCP"",""1414"",""443  >  51513 [ACK] Seq=6801 Ack=233 Win=524544 Len=1360 [TCP segment of a reassembled PDU]""";;;;;;;;;;;;;;;;;;;;;
"152,""3.229896"",""192.168.43.22"",""13.107.42.12"",""TCP"",""54"",""51513  >  443 [ACK] Seq=233 Ack=8161 Win=262144 Len=0""";;;;;;;;;;;;;;;;;;;;;
"153,""3.230169"",""13.107.42.12"",""192.168.43.22"",""TLSv1.2"",""941"",""Server Hello, Certificate, Certificate Status, Server Key Exchange, Server Hello Done""";;;;;;;;;;;;;;;;;;;;;
"154,""3.230202"",""192.168.43.22"",""13.107.42.12"",""TCP"",""54"",""51513  >  443 [ACK] Seq=233 Ack=9048 Win=261120 Len=0""";;;;;;;;;;;;;;;;;;;;;
"155,""3.347047"",""192.168.43.22"",""13.107.42.12"",""TLSv1.2"",""212"",""Client Key Exchange, Change Cipher Spec, Encrypted Handshake Message""";;;;;;;;;;;;;;;;;;;;;
"156,""3.348638"",""192.168.43.22"",""13.107.42.12"",""TLSv1.2"",""141"",""Application Data""";;;;;;;;;;;;;;;;;;;;;
"157,""3.348847"",""192.168.43.22"",""13.107.42.12"",""TLSv1.2"",""494"",""Application Data""";;;;;;;;;;;;;;;;;;;;;
"158,""3.400764"",""13.107.42.12"",""192.168.43.22"",""TCP"",""54"",""443  >  51513 [ACK] Seq=9048 Ack=391 Win=524544 Len=0""";;;;;;;;;;;;;;;;;;;;;
"159,""3.406352"",""13.107.42.12"",""192.168.43.22"",""TLSv1.2"",""380"",""New Session Ticket, Change Cipher Spec, Encrypted Handshake Message""";;;;;;;;;;;;;;;;;;;;;
"160,""3.406475"",""192.168.43.22"",""13.107.42.12"",""TCP"",""54"",""51513  >  443 [ACK] Seq=918 Ack=9374 Win=260864 Len=0""";;;;;;;;;;;;;;;;;;;;;
"161,""3.406729"",""13.107.42.12"",""192.168.43.22"",""TLSv1.2"",""123"",""Application Data""";;;;;;;;;;;;;;;;;;;;;
"162,""3.406765"",""192.168.43.22"",""13.107.42.12"",""TCP"",""54"",""51513  >  443 [ACK] Seq=918 Ack=9443 Win=260608 Len=0""";;;;;;;;;;;;;;;;;;;;;
"163,""3.408553"",""192.168.43.22"",""13.107.42.12"",""TLSv1.2"",""92"",""Application Data""";;;;;;;;;;;;;;;;;;;;;
"164,""3.411610"",""13.107.42.12"",""192.168.43.22"",""TCP"",""54"",""443  >  51513 [ACK] Seq=9443 Ack=478 Win=524288 Len=0""";;;;;;;;;;;;;;;;;;;;;
"165,""3.411781"",""13.107.42.12"",""192.168.43.22"",""TLSv1.2"",""92"",""Application Data""";;;;;;;;;;;;;;;;;;;;;
"166,""3.411854"",""192.168.43.22"",""13.107.42.12"",""TCP"",""54"",""51513  >  443 [ACK] Seq=956 Ack=9481 Win=260608 Len=0""";;;;;;;;;;;;;;;;;;;;;
"167,""3.467178"",""13.107.42.12"",""192.168.43.22"",""TCP"",""54"",""443  >  51513 [ACK] Seq=9481 Ack=956 Win=523776 Len=0""";;;;;;;;;;;;;;;;;;;;;
"168,""3.699084"",""117.18.237.29"",""192.168.43.22"",""TCP"",""54"",""80  >  51493 [ACK] Seq=1 Ack=1 Win=131 Len=0""";;;;;;;;;;;;;;;;;;;;;
"169,""3.699175"",""192.168.43.22"",""117.18.237.29"",""TCP"",""54"",""[TCP ACKed unseen segment] 51493  >  80 [ACK] Seq=1 Ack=2 Win=512 Len=0""";;;;;;;;;;;;;;;;;;;;;
"170,""3.776623"",""114.4.165.97"",""192.168.43.22"",""TCP"",""1414"",""443  >  51510 [ACK] Seq=6371 Ack=3351 Win=38912 Len=1360 [TCP segment of a reassembled PDU]""";;;;;;;;;;;;;;;;;;;;;
"171,""3.776730"",""192.168.43.22"",""114.4.165.97"",""TCP"",""54"",""51510  >  443 [ACK] Seq=3351 Ack=7731 Win=262144 Len=0""";;;;;;;;;;;;;;;;;;;;;
"172,""3.781971"",""114.4.165.97"",""192.168.43.22"",""TLSv1.2"",""758"",""Application Data""";;;;;;;;;;;;;;;;;;;;;
"173,""3.782064"",""192.168.43.22"",""114.4.165.97"",""TCP"",""54"",""51510  >  443 [ACK] Seq=3351 Ack=8435 Win=261376 Len=0""";;;;;;;;;;;;;;;;;;;;;
"174,""3.782365"",""114.4.165.97"",""192.168.43.22"",""TLSv1.2"",""533"",""Application Data""";;;;;;;;;;;;;;;;;;;;;
"175,""3.782396"",""192.168.43.22"",""114.4.165.97"",""TCP"",""54"",""51510  >  443 [ACK] Seq=3351 Ack=8914 Win=260864 Len=0""";;;;;;;;;;;;;;;;;;;;;
"176,""4.026957"",""13.107.42.12"",""192.168.43.22"",""TLSv1.2"",""589"",""Application Data""";;;;;;;;;;;;;;;;;;;;;
"177,""4.027080"",""192.168.43.22"",""13.107.42.12"",""TCP"",""54"",""51513  >  443 [ACK] Seq=956 Ack=10016 Win=262144 Len=0""";;;;;;;;;;;;;;;;;;;;;
"178,""4.418316"",""13.107.246.254"",""192.168.43.22"",""TCP"",""54"",""443  >  51490 [RST, ACK] Seq=1 Ack=1 Win=0 Len=0""";;;;;;;;;;;;;;;;;;;;;
"179,""5.488306"",""111.221.104.12"",""192.168.43.22"",""TCP"",""54"",""443  >  51491 [RST, ACK] Seq=1 Ack=1 Win=0 Len=0""";;;;;;;;;;;;;;;;;;;;;
"180,""5.716894"",""192.168.43.22"",""114.4.165.97"",""TCP"",""1414"",""51510  >  443 [ACK] Seq=3351 Ack=8914 Win=260864 Len=1360 [TCP segment of a reassembled PDU]""";;;;;;;;;;;;;;;;;;;;;
"181,""5.716894"",""192.168.43.22"",""114.4.165.97"",""TLSv1.2"",""1288"",""Application Data""";;;;;;;;;;;;;;;;;;;;;
"182,""5.787726"",""114.4.165.97"",""192.168.43.22"",""TCP"",""54"",""443  >  51510 [ACK] Seq=8914 Ack=4711 Win=41856 Len=0""";;;;;;;;;;;;;;;;;;;;;
"183,""5.793827"",""114.4.165.97"",""192.168.43.22"",""TCP"",""54"",""443  >  51510 [ACK] Seq=8914 Ack=5945 Win=44672 Len=0""";;;;;;;;;;;;;;;;;;;;;
"184,""5.799537"",""114.4.165.97"",""192.168.43.22"",""TCP"",""2774"",""443  >  51510 [ACK] Seq=8914 Ack=5945 Win=44672 Len=2720 [TCP segment of a reassembled PDU]""";;;;;;;;;;;;;;;;;;;;;
"185,""5.799658"",""192.168.43.22"",""114.4.165.97"",""TCP"",""54"",""51510  >  443 [ACK] Seq=5945 Ack=11634 Win=262144 Len=0""";;;;;;;;;;;;;;;;;;;;;
"186,""5.799808"",""114.4.165.97"",""192.168.43.22"",""TCP"",""4134"",""443  >  51510 [ACK] Seq=11634 Ack=5945 Win=44672 Len=4080 [TCP segment of a reassembled PDU]""";;;;;;;;;;;;;;;;;;;;;
"187,""5.799843"",""192.168.43.22"",""114.4.165.97"",""TCP"",""54"",""51510  >  443 [ACK] Seq=5945 Ack=15714 Win=262144 Len=0""";;;;;;;;;;;;;;;;;;;;;
"188,""5.800110"",""114.4.165.97"",""192.168.43.22"",""TCP"",""2774"",""443  >  51510 [ACK] Seq=15714 Ack=5945 Win=44672 Len=2720 [TCP segment of a reassembled PDU]""";;;;;;;;;;;;;;;;;;;;;
"189,""5.800140"",""192.168.43.22"",""114.4.165.97"",""TCP"",""54"",""51510  >  443 [ACK] Seq=5945 Ack=18434 Win=262144 Len=0""";;;;;;;;;;;;;;;;;;;;;
"190,""5.800663"",""114.4.165.97"",""192.168.43.22"",""TCP"",""1414"",""443  >  51510 [ACK] Seq=18434 Ack=5945 Win=44672 Len=1360 [TCP segment of a reassembled PDU]""";;;;;;;;;;;;;;;;;;;;;
"191,""5.800689"",""192.168.43.22"",""114.4.165.97"",""TCP"",""54"",""51510  >  443 [ACK] Seq=5945 Ack=19794 Win=262144 Len=0""";;;;;;;;;;;;;;;;;;;;;
"192,""5.800777"",""114.4.165.97"",""192.168.43.22"",""TCP"",""1414"",""443  >  51510 [ACK] Seq=19794 Ack=5945 Win=44672 Len=1360 [TCP segment of a reassembled PDU]""";;;;;;;;;;;;;;;;;;;;;
"193,""5.800801"",""192.168.43.22"",""114.4.165.97"",""TCP"",""54"",""51510  >  443 [ACK] Seq=5945 Ack=21154 Win=262144 Len=0""";;;;;;;;;;;;;;;;;;;;;
"194,""5.800886"",""114.4.165.97"",""192.168.43.22"",""TCP"",""1414"",""443  >  51510 [ACK] Seq=21154 Ack=5945 Win=44672 Len=1360 [TCP segment of a reassembled PDU]""";;;;;;;;;;;;;;;;;;;;;
"195,""5.800949"",""192.168.43.22"",""114.4.165.97"",""TCP"",""54"",""51510  >  443 [ACK] Seq=5945 Ack=22514 Win=262144 Len=0""";;;;;;;;;;;;;;;;;;;;;
"196,""5.805260"",""114.4.165.97"",""192.168.43.22"",""TCP"",""1414"",""443  >  51510 [ACK] Seq=22514 Ack=5945 Win=44672 Len=1360 [TCP segment of a reassembled PDU]""";;;;;;;;;;;;;;;;;;;;;
"197,""5.805365"",""192.168.43.22"",""114.4.165.97"",""TCP"",""54"",""51510  >  443 [ACK] Seq=5945 Ack=23874 Win=262144 Len=0""";;;;;;;;;;;;;;;;;;;;;
"198,""5.805523"",""114.4.165.97"",""192.168.43.22"",""TLSv1.2"",""2774"",""Application Data [TCP segment of a reassembled PDU]""";;;;;;;;;;;;;;;;;;;;;
"199,""5.805550"",""192.168.43.22"",""114.4.165.97"",""TCP"",""54"",""51510  >  443 [ACK] Seq=5945 Ack=26594 Win=262144 Len=0""";;;;;;;;;;;;;;;;;;;;;
"200,""5.805749"",""114.4.165.97"",""192.168.43.22"",""TCP"",""2774"",""443  >  51510 [ACK] Seq=26594 Ack=5945 Win=44672 Len=2720 [TCP segment of a reassembled PDU]""";;;;;;;;;;;;;;;;;;;;;
"201,""5.805772"",""192.168.43.22"",""114.4.165.97"",""TCP"",""54"",""51510  >  443 [ACK] Seq=5945 Ack=29314 Win=262144 Len=0""";;;;;;;;;;;;;;;;;;;;;
"202,""5.806048"",""114.4.165.97"",""192.168.43.22"",""TCP"",""1414"",""443  >  51510 [ACK] Seq=29314 Ack=5945 Win=44672 Len=1360 [TCP segment of a reassembled PDU]""";;;;;;;;;;;;;;;;;;;;;
"203,""5.806068"",""192.168.43.22"",""114.4.165.97"",""TCP"",""54"",""51510  >  443 [ACK] Seq=5945 Ack=30674 Win=262144 Len=0""";;;;;;;;;;;;;;;;;;;;;
"204,""5.806349"",""114.4.165.97"",""192.168.43.22"",""TCP"",""1414"",""443  >  51510 [ACK] Seq=30674 Ack=5945 Win=44672 Len=1360 [TCP segment of a reassembled PDU]""";;;;;;;;;;;;;;;;;;;;;
"205,""5.806372"",""192.168.43.22"",""114.4.165.97"",""TCP"",""54"",""51510  >  443 [ACK] Seq=5945 Ack=32034 Win=262144 Len=0""";;;;;;;;;;;;;;;;;;;;;
"206,""5.811439"",""114.4.165.97"",""192.168.43.22"",""TCP"",""1414"",""443  >  51510 [ACK] Seq=32034 Ack=5945 Win=44672 Len=1360 [TCP segment of a reassembled PDU]""";;;;;;;;;;;;;;;;;;;;;
"207,""5.811549"",""192.168.43.22"",""114.4.165.97"",""TCP"",""54"",""51510  >  443 [ACK] Seq=5945 Ack=33394 Win=262144 Len=0""";;;;;;;;;;;;;;;;;;;;;
"208,""5.811737"",""114.4.165.97"",""192.168.43.22"",""TLSv1.2"",""447"",""Application Data""";;;;;;;;;;;;;;;;;;;;;
"209,""5.811762"",""192.168.43.22"",""114.4.165.97"",""TCP"",""54"",""51510  >  443 [ACK] Seq=5945 Ack=33787 Win=261632 Len=0""";;;;;;;;;;;;;;;;;;;;;
"212,""6.017596"",""204.79.197.222"",""192.168.43.22"",""TCP"",""54"",""443  >  51487 [RST, ACK] Seq=1 Ack=1 Win=0 Len=0""";;;;;;;;;;;;;;;;;;;;;
"213,""7.434198"",""20.140.48.68"",""192.168.43.22"",""TCP"",""54"",""443  >  51492 [RST, ACK] Seq=1 Ack=1 Win=0 Len=0""";;;;;;;;;;;;;;;;;;;;;
"214,""8.867711"",""204.79.197.200"",""192.168.43.22"",""TCP"",""54"",""443  >  51484 [RST, ACK] Seq=1 Ack=1 Win=0 Len=0""";;;;;;;;;;;;;;;;;;;;;
"215,""10.096817"",""114.4.165.97"",""192.168.43.22"",""TCP"",""1414"",""443  >  51511 [ACK] Seq=6371 Ack=3351 Win=36480 Len=1360 [TCP segment of a reassembled PDU]""";;;;;;;;;;;;;;;;;;;;;
"216,""10.096950"",""192.168.43.22"",""114.4.165.97"",""TCP"",""54"",""51511  >  443 [ACK] Seq=3351 Ack=7731 Win=262144 Len=0""";;;;;;;;;;;;;;;;;;;;;
"217,""10.097754"",""114.4.165.97"",""192.168.43.22"",""TLSv1.2"",""759"",""Application Data""";;;;;;;;;;;;;;;;;;;;;
"218,""10.097800"",""192.168.43.22"",""114.4.165.97"",""TCP"",""54"",""51511  >  443 [ACK] Seq=3351 Ack=8436 Win=261376 Len=0""";;;;;;;;;;;;;;;;;;;;;
"219,""10.098053"",""114.4.165.97"",""192.168.43.22"",""TLSv1.2"",""531"",""Application Data""";;;;;;;;;;;;;;;;;;;;;
"220,""10.098087"",""192.168.43.22"",""114.4.165.97"",""TCP"",""54"",""51511  >  443 [ACK] Seq=3351 Ack=8913 Win=260864 Len=0""";;;;;;;;;;;;;;;;;;;;;
"221,""10.098457"",""114.4.165.97"",""192.168.43.22"",""TLSv1.2"",""531"",""[TCP Spurious Retransmission] , Application Data""";;;;;;;;;;;;;;;;;;;;;
"222,""10.098489"",""192.168.43.22"",""114.4.165.97"",""TCP"",""66"",""[TCP Dup ACK 220#1] 51511  >  443 [ACK] Seq=3351 Ack=8913 Win=260864 Len=0 SLE=8436 SRE=8913""";;;;;;;;;;;;;;;;;;;;;
"223,""10.098757"",""114.4.165.97"",""192.168.43.22"",""TCP"",""1414"",""[TCP Out-Of-Order] 443  >  51511 [ACK] Seq=6371 Ack=3351 Win=36480 Len=1360""";;;;;;;;;;;;;;;;;;;;;
"224,""10.098783"",""192.168.43.22"",""114.4.165.97"",""TCP"",""66"",""[TCP Dup ACK 220#2] 51511  >  443 [ACK] Seq=3351 Ack=8913 Win=260864 Len=0 SLE=6371 SRE=7731""";;;;;;;;;;;;;;;;;;;;;
"225,""10.156740"",""114.4.165.97"",""192.168.43.22"",""TCP"",""1236"",""[TCP Spurious Retransmission] 443  >  51511 [PSH, ACK] Seq=7731 Ack=3351 Win=36480 Len=1182[Reassembly error, protocol TCP: New fragment overlaps old data (retransmission?)]""";;;;;;;;;;;;;;;;;;;;;
"226,""10.156836"",""192.168.43.22"",""114.4.165.97"",""TCP"",""66"",""[TCP Dup ACK 220#3] 51511  >  443 [ACK] Seq=3351 Ack=8913 Win=260864 Len=0 SLE=7731 SRE=8913""";;;;;;;;;;;;;;;;;;;;;
"227,""11.609546"",""192.168.43.22"",""172.253.118.108"",""TLSv1.2"",""96"",""Application Data""";;;;;;;;;;;;;;;;;;;;;
"228,""11.612419"",""192.168.43.22"",""172.253.118.108"",""TLSv1.2"",""96"",""Application Data""";;;;;;;;;;;;;;;;;;;;;
"229,""11.680619"",""172.253.118.108"",""192.168.43.22"",""TCP"",""54"",""993  >  51504 [ACK] Seq=1 Ack=43 Win=265 Len=0""";;;;;;;;;;;;;;;;;;;;;
"230,""11.680767"",""172.253.118.108"",""192.168.43.22"",""TCP"",""54"",""993  >  51505 [ACK] Seq=1 Ack=43 Win=265 Len=0""";;;;;;;;;;;;;;;;;;;;;
"231,""11.939503"",""172.253.118.108"",""192.168.43.22"",""TLSv1.2"",""138"",""Application Data""";;;;;;;;;;;;;;;;;;;;;
"232,""11.944831"",""172.253.118.108"",""192.168.43.22"",""TCP"",""54"",""993  >  51504 [FIN, ACK] Seq=85 Ack=43 Win=265 Len=0""";;;;;;;;;;;;;;;;;;;;;
"233,""11.944920"",""192.168.43.22"",""172.253.118.108"",""TCP"",""54"",""51504  >  993 [ACK] Seq=43 Ack=86 Win=514 Len=0""";;;;;;;;;;;;;;;;;;;;;
"234,""11.967051"",""172.253.118.108"",""192.168.43.22"",""TLSv1.2"",""138"",""Application Data""";;;;;;;;;;;;;;;;;;;;;
"235,""11.973944"",""172.253.118.108"",""192.168.43.22"",""TCP"",""54"",""993  >  51505 [FIN, ACK] Seq=85 Ack=43 Win=265 Len=0""";;;;;;;;;;;;;;;;;;;;;
"236,""11.974033"",""192.168.43.22"",""172.253.118.108"",""TCP"",""54"",""51505  >  993 [ACK] Seq=43 Ack=86 Win=515 Len=0""";;;;;;;;;;;;;;;;;;;;;
"243,""17.339391"",""192.168.43.22"",""52.114.158.53"",""TCP"",""54"",""51495  >  443 [FIN, ACK] Seq=1 Ack=1 Win=1019 Len=0""";;;;;;;;;;;;;;;;;;;;;
"244,""17.343825"",""117.18.237.29"",""192.168.43.22"",""TCP"",""54"",""[TCP Previous segment not captured] 80  >  51493 [FIN, ACK] Seq=2 Ack=1 Win=131 Len=0""";;;;;;;;;;;;;;;;;;;;;
"245,""17.344062"",""192.168.43.22"",""117.18.237.29"",""TCP"",""54"",""[TCP ACKed unseen segment] 51493  >  80 [ACK] Seq=1 Ack=3 Win=512 Len=0""";;;;;;;;;;;;;;;;;;;;;
"246,""17.378709"",""117.18.237.29"",""192.168.43.22"",""TCP"",""54"",""[TCP Retransmission] 80  >  51493 [FIN, ACK] Seq=2 Ack=1 Win=131 Len=0""";;;;;;;;;;;;;;;;;;;;;
"247,""17.378801"",""192.168.43.22"",""117.18.237.29"",""TCP"",""54"",""[TCP Dup ACK 245#1] 51493  >  80 [ACK] Seq=1 Ack=3 Win=512 Len=0""";;;;;;;;;;;;;;;;;;;;;
"248,""17.622202"",""52.114.158.53"",""192.168.43.22"",""TCP"",""54"",""443  >  51495 [FIN, ACK] Seq=1 Ack=2 Win=1022 Len=0""";;;;;;;;;;;;;;;;;;;;;
"249,""17.622360"",""192.168.43.22"",""52.114.158.53"",""TCP"",""54"",""51495  >  443 [ACK] Seq=2 Ack=2 Win=1019 Len=0""";;;;;;;;;;;;;;;;;;;;;
"250,""17.730518"",""192.168.43.22"",""40.90.189.152"",""TLSv1.2"",""97"",""Application Data""";;;;;;;;;;;;;;;;;;;;;
"251,""17.795466"",""40.90.189.152"",""192.168.43.22"",""TLSv1.2"",""228"",""Application Data""";;;;;;;;;;;;;;;;;;;;;
"252,""17.838662"",""192.168.43.22"",""40.90.189.152"",""TCP"",""54"",""51262  >  443 [ACK] Seq=44 Ack=175 Win=513 Len=0""";;;;;;;;;;;;;;;;;;;;;
"253,""27.402639"",""114.4.165.97"",""192.168.43.22"",""TCP"",""1414"",""443  >  51512 [ACK] Seq=48626 Ack=6412 Win=45184 Len=1360 [TCP segment of a reassembled PDU]""";;;;;;;;;;;;;;;;;;;;;
"254,""27.402769"",""192.168.43.22"",""114.4.165.97"",""TCP"",""54"",""51512  >  443 [ACK] Seq=6412 Ack=49986 Win=262144 Len=0""";;;;;;;;;;;;;;;;;;;;;
"255,""27.404693"",""114.4.165.97"",""192.168.43.22"",""TLSv1.2"",""759"",""Application Data""";;;;;;;;;;;;;;;;;;;;;
"256,""27.404693"",""114.4.165.97"",""192.168.43.22"",""TCP"",""8214"",""443  >  51512 [ACK] Seq=50691 Ack=6412 Win=45184 Len=8160 [TCP segment of a reassembled PDU]""";;;;;;;;;;;;;;;;;;;;;
"257,""27.404823"",""192.168.43.22"",""114.4.165.97"",""TCP"",""54"",""51512  >  443 [ACK] Seq=6412 Ack=58851 Win=262144 Len=0""";;;;;;;;;;;;;;;;;;;;;
"258,""27.405120"",""114.4.165.97"",""192.168.43.22"",""TCP"",""5494"",""443  >  51512 [ACK] Seq=58851 Ack=6412 Win=45184 Len=5440 [TCP segment of a reassembled PDU]""";;;;;;;;;;;;;;;;;;;;;
"259,""27.405171"",""192.168.43.22"",""114.4.165.97"",""TCP"",""54"",""51512  >  443 [ACK] Seq=6412 Ack=64291 Win=262144 Len=0""";;;;;;;;;;;;;;;;;;;;;
"260,""27.405451"",""114.4.165.97"",""192.168.43.22"",""TCP"",""1414"",""443  >  51512 [ACK] Seq=64291 Ack=6412 Win=45184 Len=1360 [TCP segment of a reassembled PDU]""";;;;;;;;;;;;;;;;;;;;;
"261,""27.405451"",""114.4.165.97"",""192.168.43.22"",""TLSv1.2"",""623"",""Application Data""";;;;;;;;;;;;;;;;;;;;;
"262,""27.405498"",""192.168.43.22"",""114.4.165.97"",""TCP"",""54"",""51512  >  443 [ACK] Seq=6412 Ack=66220 Win=262144 Len=0""";;;;;;;;;;;;;;;;;;;;;
"263,""27.405651"",""114.4.165.97"",""192.168.43.22"",""TCP"",""623"",""[TCP Spurious Retransmission] 443  >  51512 [PSH, ACK] Seq=65651 Ack=6412 Win=45184 Len=569[Reassembly error, protocol TCP: New fragment overlaps old data (retransmission?)]""";;;;;;;;;;;;;;;;;;;;;
"264,""27.405682"",""192.168.43.22"",""114.4.165.97"",""TCP"",""66"",""[TCP Dup ACK 262#1] 51512  >  443 [ACK] Seq=6412 Ack=66220 Win=262144 Len=0 SLE=65651 SRE=66220""";;;;;;;;;;;;;;;;;;;;;
"265,""27.406046"",""114.4.165.97"",""192.168.43.22"",""TCP"",""1414"",""[TCP Out-Of-Order] 443  >  51512 [ACK] Seq=48626 Ack=6412 Win=45184 Len=1360""";;;;;;;;;;;;;;;;;;;;;
"266,""27.406076"",""192.168.43.22"",""114.4.165.97"",""TCP"",""66"",""[TCP Dup ACK 262#2] 51512  >  443 [ACK] Seq=6412 Ack=66220 Win=262144 Len=0 SLE=48626 SRE=49986""";;;;;;;;;;;;;;;;;;;;;
"267,""27.612529"",""114.4.165.97"",""192.168.43.22"",""TCP"",""759"",""[TCP Spurious Retransmission] 443  >  51512 [PSH, ACK] Seq=49986 Ack=6412 Win=45184 Len=705[Reassembly error, protocol TCP: New fragment overlaps old data (retransmission?)]""";;;;;;;;;;;;;;;;;;;;;
"268,""27.612621"",""192.168.43.22"",""114.4.165.97"",""TCP"",""66"",""[TCP Dup ACK 262#3] 51512  >  443 [ACK] Seq=6412 Ack=66220 Win=262144 Len=0 SLE=49986 SRE=50691""";;;;;;;;;;;;;;;;;;;;;
"269,""27.617905"",""114.4.165.97"",""192.168.43.22"",""TCP"",""1414"",""[TCP Spurious Retransmission] 443  >  51512 [ACK] Seq=50691 Ack=6412 Win=45184 Len=1360""";;;;;;;;;;;;;;;;;;;;;
"270,""27.618003"",""192.168.43.22"",""114.4.165.97"",""TCP"",""66"",""[TCP Dup ACK 262#4] 51512  >  443 [ACK] Seq=6412 Ack=66220 Win=262144 Len=0 SLE=50691 SRE=52051""";;;;;;;;;;;;;;;;;;;;;
"271,""27.624786"",""114.4.165.97"",""192.168.43.22"",""TCP"",""1414"",""[TCP Spurious Retransmission] 443  >  51512 [ACK] Seq=52051 Ack=6412 Win=45184 Len=1360[Reassembly error, protocol TCP: New fragment overlaps old data (retransmission?)]""";;;;;;;;;;;;;;;;;;;;;
"272,""27.624885"",""192.168.43.22"",""114.4.165.97"",""TCP"",""66"",""[TCP Dup ACK 262#5] 51512  >  443 [ACK] Seq=6412 Ack=66220 Win=262144 Len=0 SLE=52051 SRE=53411""";;;;;;;;;;;;;;;;;;;;;
"273,""27.625182"",""114.4.165.97"",""192.168.43.22"",""TCP"",""1414"",""[TCP Spurious Retransmission] 443  >  51512 [ACK] Seq=53411 Ack=6412 Win=45184 Len=1360[Reassembly error, protocol TCP: New fragment overlaps old data (retransmission?)]""";;;;;;;;;;;;;;;;;;;;;
"274,""27.625212"",""192.168.43.22"",""114.4.165.97"",""TCP"",""66"",""[TCP Dup ACK 262#6] 51512  >  443 [ACK] Seq=6412 Ack=66220 Win=262144 Len=0 SLE=53411 SRE=54771""";;;;;;;;;;;;;;;;;;;;;
"275,""27.642233"",""114.4.165.97"",""192.168.43.22"",""TCP"",""1414"",""[TCP Spurious Retransmission] 443  >  51512 [ACK] Seq=58851 Ack=6412 Win=45184 Len=1360[Reassembly error, protocol TCP: New fragment overlaps old data (retransmission?)]""";;;;;;;;;;;;;;;;;;;;;
"276,""27.642333"",""192.168.43.22"",""114.4.165.97"",""TCP"",""66"",""[TCP Dup ACK 262#7] 51512  >  443 [ACK] Seq=6412 Ack=66220 Win=262144 Len=0 SLE=58851 SRE=60211""";;;;;;;;;;;;;;;;;;;;;
"277,""27.650005"",""114.4.165.97"",""192.168.43.22"",""TCP"",""2774"",""[TCP Spurious Retransmission] 443  >  51512 [ACK] Seq=60211 Ack=6412 Win=45184 Len=2720[Reassembly error, protocol TCP: New fragment overlaps old data (retransmission?)]""";;;;;;;;;;;;;;;;;;;;;
"278,""27.650113"",""192.168.43.22"",""114.4.165.97"",""TCP"",""66"",""[TCP Dup ACK 262#8] 51512  >  443 [ACK] Seq=6412 Ack=66220 Win=262144 Len=0 SLE=60211 SRE=62931""";;;;;;;;;;;;;;;;;;;;;
"279,""27.650381"",""114.4.165.97"",""192.168.43.22"",""TCP"",""1414"",""[TCP Spurious Retransmission] 443  >  51512 [ACK] Seq=62931 Ack=6412 Win=45184 Len=1360[Reassembly error, protocol TCP: New fragment overlaps old data (retransmission?)]""";;;;;;;;;;;;;;;;;;;;;
"280,""27.650415"",""192.168.43.22"",""114.4.165.97"",""TCP"",""66"",""[TCP Dup ACK 262#9] 51512  >  443 [ACK] Seq=6412 Ack=66220 Win=262144 Len=0 SLE=62931 SRE=64291""";;;;;;;;;;;;;;;;;;;;;
"281,""27.650781"",""114.4.165.97"",""192.168.43.22"",""TCP"",""1414"",""[TCP Spurious Retransmission] 443  >  51512 [ACK] Seq=64291 Ack=6412 Win=45184 Len=1360[Reassembly error, protocol TCP: New fragment overlaps old data (retransmission?)]""";;;;;;;;;;;;;;;;;;;;;
"282,""27.650812"",""192.168.43.22"",""114.4.165.97"",""TCP"",""66"",""[TCP Dup ACK 262#10] 51512  >  443 [ACK] Seq=6412 Ack=66220 Win=262144 Len=0 SLE=64291 SRE=65651""";;;;;;;;;;;;;;;;;;;;;
"285,""40.110665"",""192.168.43.22"",""162.125.36.2"",""TLSv1.2"",""193"",""Application Data""";;;;;;;;;;;;;;;;;;;;;
"286,""40.497984"",""162.125.36.2"",""192.168.43.22"",""TCP"",""54"",""443  >  51496 [ACK] Seq=1 Ack=140 Win=79 Len=0""";;;;;;;;;;;;;;;;;;;;;
"287,""40.498093"",""192.168.43.22"",""162.125.36.2"",""TLSv1.2"",""916"",""Application Data""";;;;;;;;;;;;;;;;;;;;;
"288,""40.797009"",""162.125.36.2"",""192.168.43.22"",""TCP"",""54"",""443  >  51496 [ACK] Seq=1 Ack=1002 Win=84 Len=0""";;;;;;;;;;;;;;;;;;;;;
"289,""40.801813"",""162.125.36.2"",""192.168.43.22"",""TLSv1.2"",""625"",""Application Data""";;;;;;;;;;;;;;;;;;;;;
"290,""40.844303"",""192.168.43.22"",""162.125.36.2"",""TCP"",""54"",""51496  >  443 [ACK] Seq=1002 Ack=572 Win=513 Len=0""";;;;;;;;;;;;;;;;;;;;;
"291,""40.948154"",""162.125.35.135"",""192.168.43.22"",""TLSv1.2"",""100"",""Application Data""";;;;;;;;;;;;;;;;;;;;;
"292,""40.948651"",""192.168.43.22"",""162.125.35.135"",""TLSv1.2"",""100"",""Application Data""";;;;;;;;;;;;;;;;;;;;;
"293,""40.950178"",""192.168.43.22"",""162.125.35.135"",""TLSv1.2"",""85"",""Encrypted Alert""";;;;;;;;;;;;;;;;;;;;;
"294,""41.253338"",""162.125.35.135"",""192.168.43.22"",""TCP"",""54"",""443  >  51502 [ACK] Seq=47 Ack=79 Win=144 Len=0""";;;;;;;;;;;;;;;;;;;;;
"295,""41.253523"",""162.125.35.135"",""192.168.43.22"",""TCP"",""54"",""[TCP Previous segment not captured] 443  >  51502 [FIN, ACK] Seq=78 Ack=79 Win=144 Len=0""";;;;;;;;;;;;;;;;;;;;;
"296,""41.253575"",""192.168.43.22"",""162.125.35.135"",""TCP"",""54"",""[TCP Dup ACK 292#1] 51502  >  443 [ACK] Seq=79 Ack=47 Win=515 Len=0""";;;;;;;;;;;;;;;;;;;;;
"297,""41.253842"",""162.125.35.135"",""192.168.43.22"",""TCP"",""85"",""[TCP Out-Of-Order] 443  >  51502 [PSH, ACK] Seq=47 Ack=79 Win=144 Len=31""";;;;;;;;;;;;;;;;;;;;;
"298,""41.253889"",""192.168.43.22"",""162.125.35.135"",""TCP"",""54"",""51502  >  443 [RST, ACK] Seq=79 Ack=78 Win=0 Len=0""";;;;;;;;;;;;;;;;;;;;;
"305,""48.291644"",""162.125.35.134"",""192.168.43.22"",""TLSv1.2"",""287"",""Application Data""";;;;;;;;;;;;;;;;;;;;;
"306,""48.298887"",""192.168.43.22"",""162.125.35.134"",""TLSv1.2"",""650"",""Application Data""";;;;;;;;;;;;;;;;;;;;;
"307,""48.301053"",""192.168.43.22"",""162.125.35.134"",""TCP"",""1414"",""51383  >  443 [ACK] Seq=597 Ack=234 Win=511 Len=1360 [TCP segment of a reassembled PDU]""";;;;;;;;;;;;;;;;;;;;;
"308,""48.301053"",""192.168.43.22"",""162.125.35.134"",""TLSv1.2"",""1193"",""Application Data""";;;;;;;;;;;;;;;;;;;;;
"309,""48.677808"",""192.168.43.22"",""162.125.35.134"",""TCP"",""1414"",""[TCP Retransmission] 51383  >  443 [PSH, ACK] Seq=1736 Ack=234 Win=511 Len=1360""";;;;;;;;;;;;;;;;;;;;;
"310,""48.932260"",""162.125.35.134"",""192.168.43.22"",""TCP"",""54"",""443  >  51383 [ACK] Seq=234 Ack=597 Win=227 Len=0""";;;;;;;;;;;;;;;;;;;;;
"311,""48.932419"",""162.125.35.134"",""192.168.43.22"",""TCP"",""54"",""443  >  51383 [ACK] Seq=234 Ack=3096 Win=237 Len=0""";;;;;;;;;;;;;;;;;;;;;
"312,""49.328083"",""162.125.35.134"",""192.168.43.22"",""TCP"",""66"",""[TCP Dup ACK 311#1] 443  >  51383 [ACK] Seq=234 Ack=3096 Win=237 Len=0 SLE=1736 SRE=3096""";;;;;;;;;;;;;;;;;;;;;
"315,""62.745232"",""192.168.43.22"",""40.90.189.152"",""TLSv1.2"",""97"",""Application Data""";;;;;;;;;;;;;;;;;;;;;
"316,""62.817367"",""40.90.189.152"",""192.168.43.22"",""TLSv1.2"",""228"",""Application Data""";;;;;;;;;;;;;;;;;;;;;
"317,""62.869730"",""192.168.43.22"",""40.90.189.152"",""TCP"",""54"",""51262  >  443 [ACK] Seq=87 Ack=349 Win=512 Len=0""";;;;;;;;;;;;;;;;;;;;;
"327,""75.171271"",""192.168.43.22"",""162.125.81.7"",""TCP"",""66"",""51514  >  443 [SYN] Seq=0 Win=64240 Len=0 MSS=1460 WS=256 SACK_PERM=1""";;;;;;;;;;;;;;;;;;;;;
"328,""75.224753"",""162.125.81.7"",""192.168.43.22"",""TCP"",""66"",""443  >  51514 [SYN, ACK] Seq=0 Ack=1 Win=28800 Len=0 MSS=1360 SACK_PERM=1 WS=512""";;;;;;;;;;;;;;;;;;;;;
"329,""75.224951"",""192.168.43.22"",""162.125.81.7"",""TCP"",""54"",""51514  >  443 [ACK] Seq=1 Ack=1 Win=131840 Len=0""";;;;;;;;;;;;;;;;;;;;;
"330,""75.226201"",""192.168.43.22"",""162.125.81.7"",""TLSv1.2"",""232"",""Client Hello""";;;;;;;;;;;;;;;;;;;;;
"331,""75.304563"",""162.125.81.7"",""192.168.43.22"",""TCP"",""54"",""443  >  51514 [ACK] Seq=1 Ack=179 Win=30208 Len=0""";;;;;;;;;;;;;;;;;;;;;
"332,""75.310435"",""162.125.81.7"",""192.168.43.22"",""TLSv1.2"",""1414"",""Server Hello""";;;;;;;;;;;;;;;;;;;;;
"333,""75.310600"",""162.125.81.7"",""192.168.43.22"",""TCP"",""1414"",""443  >  51514 [ACK] Seq=1361 Ack=179 Win=30208 Len=1360 [TCP segment of a reassembled PDU]""";;;;;;;;;;;;;;;;;;;;;
"334,""75.310639"",""192.168.43.22"",""162.125.81.7"",""TCP"",""54"",""51514  >  443 [ACK] Seq=179 Ack=2721 Win=131840 Len=0""";;;;;;;;;;;;;;;;;;;;;
"335,""75.310822"",""162.125.81.7"",""192.168.43.22"",""TLSv1.2"",""1414"",""Certificate [TCP segment of a reassembled PDU]""";;;;;;;;;;;;;;;;;;;;;
"336,""75.311017"",""162.125.81.7"",""192.168.43.22"",""TLSv1.2"",""174"",""Server Key Exchange, Server Hello Done""";;;;;;;;;;;;;;;;;;;;;
"337,""75.311036"",""192.168.43.22"",""162.125.81.7"",""TCP"",""54"",""51514  >  443 [ACK] Seq=179 Ack=4201 Win=131840 Len=0""";;;;;;;;;;;;;;;;;;;;;
"338,""75.315210"",""192.168.43.22"",""162.125.81.7"",""TLSv1.2"",""147"",""Client Key Exchange, Change Cipher Spec, Encrypted Handshake Message""";;;;;;;;;;;;;;;;;;;;;
"339,""75.392605"",""162.125.81.7"",""192.168.43.22"",""TLSv1.2"",""312"",""New Session Ticket, Change Cipher Spec, Encrypted Handshake Message""";;;;;;;;;;;;;;;;;;;;;
"340,""75.398849"",""162.125.81.7"",""192.168.43.22"",""TLSv1.2"",""123"",""Application Data""";;;;;;;;;;;;;;;;;;;;;
"341,""75.398954"",""192.168.43.22"",""162.125.81.7"",""TCP"",""54"",""51514  >  443 [ACK] Seq=272 Ack=4528 Win=131584 Len=0""";;;;;;;;;;;;;;;;;;;;;
"342,""75.408584"",""192.168.43.22"",""162.125.81.7"",""TLSv1.2"",""107"",""Application Data""";;;;;;;;;;;;;;;;;;;;;
"343,""75.505967"",""162.125.81.7"",""192.168.43.22"",""TCP"",""54"",""443  >  51514 [ACK] Seq=4528 Ack=325 Win=30208 Len=0""";;;;;;;;;;;;;;;;;;;;;
"344,""75.506084"",""192.168.43.22"",""162.125.81.7"",""TLSv1.2"",""627"",""Application Data, Application Data""";;;;;;;;;;;;;;;;;;;;;
"345,""75.587206"",""162.125.81.7"",""192.168.43.22"",""TCP"",""54"",""443  >  51514 [ACK] Seq=4528 Ack=898 Win=31232 Len=0""";;;;;;;;;;;;;;;;;;;;;
"346,""75.590182"",""162.125.81.7"",""192.168.43.22"",""TLSv1.2"",""105"",""Application Data""";;;;;;;;;;;;;;;;;;;;;
"347,""75.630908"",""192.168.43.22"",""162.125.81.7"",""TCP"",""54"",""51514  >  443 [ACK] Seq=898 Ack=4579 Win=131328 Len=0""";;;;;;;;;;;;;;;;;;;;;
"348,""75.886701"",""162.125.81.7"",""192.168.43.22"",""TLSv1.2"",""1026"",""Application Data""";;;;;;;;;;;;;;;;;;;;;
"349,""75.927775"",""192.168.43.22"",""162.125.81.7"",""TCP"",""54"",""51514  >  443 [ACK] Seq=898 Ack=5551 Win=130560 Len=0""";;;;;;;;;;;;;;;;;;;;;
"352,""97.955309"",""52.109.120.2"",""192.168.43.22"",""TCP"",""54"",""443  >  51503 [RST, ACK] Seq=1 Ack=1 Win=0 Len=0""";;;;;;;;;;;;;;;;;;;;;
"361,""104.951176"",""13.107.5.88"",""192.168.43.22"",""TCP"",""54"",""443  >  51506 [RST, ACK] Seq=1 Ack=1 Win=0 Len=0""";;;;;;;;;;;;;;;;;;;;;
"362,""107.745097"",""192.168.43.22"",""40.90.189.152"",""TLSv1.2"",""97"",""Application Data""";;;;;;;;;;;;;;;;;;;;;
"363,""107.862876"",""162.125.35.134"",""192.168.43.22"",""TLSv1.2"",""287"",""Application Data""";;;;;;;;;;;;;;;;;;;;;
"364,""107.863038"",""40.90.189.152"",""192.168.43.22"",""TLSv1.2"",""228"",""Application Data""";;;;;;;;;;;;;;;;;;;;;
"365,""107.868726"",""192.168.43.22"",""162.125.35.134"",""TLSv1.2"",""650"",""Application Data""";;;;;;;;;;;;;;;;;;;;;
"366,""107.869157"",""192.168.43.22"",""162.125.35.134"",""TCP"",""1414"",""51383  >  443 [ACK] Seq=3692 Ack=467 Win=510 Len=1360 [TCP segment of a reassembled PDU]""";;;;;;;;;;;;;;;;;;;;;
"367,""107.869157"",""192.168.43.22"",""162.125.35.134"",""TLSv1.2"",""1193"",""Application Data""";;;;;;;;;;;;;;;;;;;;;
"368,""107.916505"",""192.168.43.22"",""40.90.189.152"",""TCP"",""54"",""51262  >  443 [ACK] Seq=130 Ack=523 Win=511 Len=0""";;;;;;;;;;;;;;;;;;;;;
"369,""108.175327"",""162.125.35.134"",""192.168.43.22"",""TCP"",""54"",""443  >  51383 [ACK] Seq=467 Ack=3692 Win=242 Len=0""";;;;;;;;;;;;;;;;;;;;;
"370,""108.180725"",""162.125.35.134"",""192.168.43.22"",""TCP"",""54"",""443  >  51383 [ACK] Seq=467 Ack=6191 Win=252 Len=0""";;;;;;;;;;;;;;;;;;;;;
"371,""116.899313"",""162.125.36.2"",""192.168.43.22"",""TLSv1.2"",""100"",""Application Data""";;;;;;;;;;;;;;;;;;;;;
"372,""116.899690"",""162.125.36.2"",""192.168.43.22"",""TCP"",""100"",""[TCP Retransmission] 443  >  51496 [PSH, ACK] Seq=572 Ack=1002 Win=84 Len=46""";;;;;;;;;;;;;;;;;;;;;
"373,""116.899747"",""192.168.43.22"",""162.125.36.2"",""TCP"",""66"",""51496  >  443 [ACK] Seq=1002 Ack=618 Win=512 Len=0 SLE=572 SRE=618""";;;;;;;;;;;;;;;;;;;;;
"374,""116.899793"",""192.168.43.22"",""162.125.36.2"",""TLSv1.2"",""100"",""Application Data""";;;;;;;;;;;;;;;;;;;;;
"375,""116.899873"",""192.168.43.22"",""162.125.36.2"",""TLSv1.2"",""85"",""Encrypted Alert""";;;;;;;;;;;;;;;;;;;;;
"376,""117.220554"",""162.125.36.2"",""192.168.43.22"",""TCP"",""54"",""443  >  51496 [ACK] Seq=618 Ack=1080 Win=84 Len=0""";;;;;;;;;;;;;;;;;;;;;
"377,""117.220705"",""162.125.36.2"",""192.168.43.22"",""TCP"",""54"",""[TCP Previous segment not captured] 443  >  51496 [FIN, ACK] Seq=649 Ack=1080 Win=84 Len=0""";;;;;;;;;;;;;;;;;;;;;
"378,""117.220741"",""192.168.43.22"",""162.125.36.2"",""TCP"",""54"",""[TCP Dup ACK 373#1] 51496  >  443 [ACK] Seq=1080 Ack=618 Win=512 Len=0""";;;;;;;;;;;;;;;;;;;;;
"379,""117.221216"",""162.125.36.2"",""192.168.43.22"",""TCP"",""85"",""[TCP Out-Of-Order] 443  >  51496 [PSH, ACK] Seq=618 Ack=1080 Win=84 Len=31""";;;;;;;;;;;;;;;;;;;;;
"380,""117.221256"",""192.168.43.22"",""162.125.36.2"",""TCP"",""54"",""51496  >  443 [RST, ACK] Seq=1080 Ack=649 Win=0 Len=0""";;;;;;;;;;;;;;;;;;;;;
"383,""131.132762"",""13.107.42.12"",""192.168.43.22"",""TCP"",""54"",""443  >  51513 [RST, ACK] Seq=10016 Ack=956 Win=0 Len=0""";;;;;;;;;;;;;;;;;;;;;
"390,""152.755036"",""192.168.43.22"",""40.90.189.152"",""TLSv1.2"",""97"",""Application Data""";;;;;;;;;;;;;;;;;;;;;
"391,""152.823221"",""40.90.189.152"",""192.168.43.22"",""TLSv1.2"",""228"",""Application Data""";;;;;;;;;;;;;;;;;;;;;
"392,""152.863869"",""192.168.43.22"",""40.90.189.152"",""TCP"",""54"",""51262  >  443 [ACK] Seq=173 Ack=697 Win=511 Len=0""";;;;;;;;;;;;;;;;;;;;;
"397,""158.985631"",""162.125.35.134"",""192.168.43.22"",""TLSv1.2"",""287"",""Application Data""";;;;;;;;;;;;;;;;;;;;;
"398,""158.991328"",""192.168.43.22"",""162.125.35.134"",""TLSv1.2"",""650"",""Application Data""";;;;;;;;;;;;;;;;;;;;;
"399,""158.993961"",""192.168.43.22"",""162.125.35.134"",""TCP"",""1414"",""51383  >  443 [ACK] Seq=6787 Ack=700 Win=515 Len=1360 [TCP segment of a reassembled PDU]""";;;;;;;;;;;;;;;;;;;;;
"400,""158.993961"",""192.168.43.22"",""162.125.35.134"",""TLSv1.2"",""1193"",""Application Data""";;;;;;;;;;;;;;;;;;;;;
"401,""159.120192"",""162.125.35.134"",""192.168.43.22"",""TLSv1.2"",""287"",""[TCP Spurious Retransmission] , Application Data""";;;;;;;;;;;;;;;;;;;;;
"402,""159.120286"",""192.168.43.22"",""162.125.35.134"",""TCP"",""66"",""[TCP Dup ACK 398#1] 51383  >  443 [ACK] Seq=9286 Ack=700 Win=515 Len=0 SLE=467 SRE=700""";;;;;;;;;;;;;;;;;;;;;
"403,""159.304800"",""162.125.35.134"",""192.168.43.22"",""TCP"",""54"",""443  >  51383 [ACK] Seq=700 Ack=6787 Win=257 Len=0""";;;;;;;;;;;;;;;;;;;;;
"404,""159.304965"",""162.125.35.134"",""192.168.43.22"",""TCP"",""54"",""443  >  51383 [ACK] Seq=700 Ack=8147 Win=263 Len=0""";;;;;;;;;;;;;;;;;;;;;
"405,""159.310043"",""162.125.35.134"",""192.168.43.22"",""TCP"",""54"",""443  >  51383 [ACK] Seq=700 Ack=9286 Win=268 Len=0""";;;;;;;;;;;;;;;;;;;;;
"408,""160.859715"",""192.168.43.22"",""162.125.36.2"",""TCP"",""66"",""51515  >  443 [SYN] Seq=0 Win=64240 Len=0 MSS=1460 WS=256 SACK_PERM=1""";;;;;;;;;;;;;;;;;;;;;
"409,""161.145938"",""162.125.36.2"",""192.168.43.22"",""TCP"",""66"",""443  >  51515 [SYN, ACK] Seq=0 Ack=1 Win=28800 Len=0 MSS=1360 SACK_PERM=1 WS=512""";;;;;;;;;;;;;;;;;;;;;
"410,""161.146110"",""192.168.43.22"",""162.125.36.2"",""TCP"",""54"",""51515  >  443 [ACK] Seq=1 Ack=1 Win=131840 Len=0""";;;;;;;;;;;;;;;;;;;;;
"411,""161.147030"",""192.168.43.22"",""162.125.36.2"",""TLSv1.2"",""574"",""Client Hello""";;;;;;;;;;;;;;;;;;;;;
"412,""161.463079"",""162.125.36.2"",""192.168.43.22"",""TLSv1.2"",""206"",""Server Hello, Change Cipher Spec, Encrypted Handshake Message""";;;;;;;;;;;;;;;;;;;;;
"413,""161.463394"",""162.125.36.2"",""192.168.43.22"",""TCP"",""54"",""443  >  51515 [ACK] Seq=1 Ack=521 Win=30208 Len=0""";;;;;;;;;;;;;;;;;;;;;
"414,""161.463447"",""192.168.43.22"",""162.125.36.2"",""TCP"",""54"",""51515  >  443 [ACK] Seq=521 Ack=153 Win=131584 Len=0""";;;;;;;;;;;;;;;;;;;;;
"415,""161.464566"",""192.168.43.22"",""162.125.36.2"",""TLSv1.2"",""105"",""Change Cipher Spec, Encrypted Handshake Message""";;;;;;;;;;;;;;;;;;;;;
"416,""161.465254"",""192.168.43.22"",""162.125.36.2"",""TLSv1.2"",""1414"",""Application Data, Application Data, Application Data""";;;;;;;;;;;;;;;;;;;;;
"417,""161.465254"",""192.168.43.22"",""162.125.36.2"",""TCP"",""1414"",""51515  >  443 [ACK] Seq=1932 Ack=153 Win=131584 Len=1360 [TCP segment of a reassembled PDU]""";;;;;;;;;;;;;;;;;;;;;
"418,""161.465254"",""192.168.43.22"",""162.125.36.2"",""TCP"",""1414"",""51515  >  443 [ACK] Seq=3292 Ack=153 Win=131584 Len=1360 [TCP segment of a reassembled PDU]""";;;;;;;;;;;;;;;;;;;;;
"419,""161.465254"",""192.168.43.22"",""162.125.36.2"",""TCP"",""1414"",""51515  >  443 [ACK] Seq=4652 Ack=153 Win=131584 Len=1360 [TCP segment of a reassembled PDU]""";;;;;;;;;;;;;;;;;;;;;
"420,""161.465254"",""192.168.43.22"",""162.125.36.2"",""TCP"",""1414"",""51515  >  443 [ACK] Seq=6012 Ack=153 Win=131584 Len=1360 [TCP segment of a reassembled PDU]""";;;;;;;;;;;;;;;;;;;;;
"421,""161.465254"",""192.168.43.22"",""162.125.36.2"",""TCP"",""1414"",""51515  >  443 [ACK] Seq=7372 Ack=153 Win=131584 Len=1360 [TCP segment of a reassembled PDU]""";;;;;;;;;;;;;;;;;;;;;
"422,""161.465254"",""192.168.43.22"",""162.125.36.2"",""TCP"",""1414"",""51515  >  443 [ACK] Seq=8732 Ack=153 Win=131584 Len=1360 [TCP segment of a reassembled PDU]""";;;;;;;;;;;;;;;;;;;;;
"423,""161.465254"",""192.168.43.22"",""162.125.36.2"",""TCP"",""1414"",""51515  >  443 [ACK] Seq=10092 Ack=153 Win=131584 Len=1360 [TCP segment of a reassembled PDU]""";;;;;;;;;;;;;;;;;;;;;
"424,""161.465254"",""192.168.43.22"",""162.125.36.2"",""TCP"",""1414"",""51515  >  443 [ACK] Seq=11452 Ack=153 Win=131584 Len=1360 [TCP segment of a reassembled PDU]""";;;;;;;;;;;;;;;;;;;;;
"425,""161.465254"",""192.168.43.22"",""162.125.36.2"",""TCP"",""1414"",""51515  >  443 [ACK] Seq=12812 Ack=153 Win=131584 Len=1360 [TCP segment of a reassembled PDU]""";;;;;;;;;;;;;;;;;;;;;
"426,""161.752767"",""162.125.36.2"",""192.168.43.22"",""TCP"",""54"",""443  >  51515 [ACK] Seq=153 Ack=1932 Win=32768 Len=0""";;;;;;;;;;;;;;;;;;;;;
"427,""161.752888"",""192.168.43.22"",""162.125.36.2"",""TLSv1.2"",""971"",""Application Data""";;;;;;;;;;;;;;;;;;;;;
"428,""161.753165"",""162.125.36.2"",""192.168.43.22"",""TLSv1.2"",""138"",""Application Data""";;;;;;;;;;;;;;;;;;;;;
"429,""161.771472"",""162.125.36.2"",""192.168.43.22"",""TCP"",""54"",""443  >  51515 [ACK] Seq=237 Ack=6012 Win=41472 Len=0""";;;;;;;;;;;;;;;;;;;;;
"430,""161.771581"",""192.168.43.22"",""162.125.36.2"",""TLSv1.2"",""92"",""Application Data""";;;;;;;;;;;;;;;;;;;;;
"431,""161.783170"",""162.125.36.2"",""192.168.43.22"",""TCP"",""54"",""443  >  51515 [ACK] Seq=237 Ack=8732 Win=47104 Len=0""";;;;;;;;;;;;;;;;;;;;;
"432,""161.822618"",""162.125.36.2"",""192.168.43.22"",""TCP"",""54"",""443  >  51515 [ACK] Seq=237 Ack=10092 Win=50176 Len=0""";;;;;;;;;;;;;;;;;;;;;
"433,""161.822979"",""162.125.36.2"",""192.168.43.22"",""TCP"",""54"",""443  >  51515 [ACK] Seq=237 Ack=12812 Win=55296 Len=0""";;;;;;;;;;;;;;;;;;;;;
"434,""161.823172"",""162.125.36.2"",""192.168.43.22"",""TCP"",""54"",""443  >  51515 [ACK] Seq=237 Ack=14172 Win=58368 Len=0""";;;;;;;;;;;;;;;;;;;;;
"435,""162.049807"",""162.125.36.2"",""192.168.43.22"",""TCP"",""54"",""443  >  51515 [ACK] Seq=237 Ack=15089 Win=60928 Len=0""";;;;;;;;;;;;;;;;;;;;;
"436,""162.062827"",""162.125.36.2"",""192.168.43.22"",""TLSv1.2"",""685"",""Application Data""";;;;;;;;;;;;;;;;;;;;;
"437,""162.104163"",""192.168.43.22"",""162.125.36.2"",""TCP"",""54"",""51515  >  443 [ACK] Seq=15127 Ack=868 Win=130816 Len=0""";;;;;;;;;;;;;;;;;;;;;
"438,""162.120120"",""162.125.36.2"",""192.168.43.22"",""TCP"",""54"",""443  >  51515 [ACK] Seq=868 Ack=15127 Win=60928 Len=0""";;;;;;;;;;;;;;;;;;;;;
"451,""197.765606"",""192.168.43.22"",""40.90.189.152"",""TLSv1.2"",""97"",""Application Data""";;;;;;;;;;;;;;;;;;;;;
"452,""197.838541"",""40.90.189.152"",""192.168.43.22"",""TLSv1.2"",""228"",""Application Data""";;;;;;;;;;;;;;;;;;;;;
"453,""197.889982"",""192.168.43.22"",""40.90.189.152"",""TCP"",""54"",""51262  >  443 [ACK] Seq=216 Ack=871 Win=510 Len=0""";;;;;;;;;;;;;;;;;;;;;
"458,""220.771667"",""192.168.43.22"",""162.125.36.2"",""TLSv1.2"",""206"",""Application Data""";;;;;;;;;;;;;;;;;;;;;
"459,""220.774293"",""192.168.43.22"",""162.125.36.2"",""TCP"",""1414"",""51515  >  443 [ACK] Seq=15279 Ack=868 Win=130816 Len=1360 [TCP segment of a reassembled PDU]""";;;;;;;;;;;;;;;;;;;;;
"460,""220.774293"",""192.168.43.22"",""162.125.36.2"",""TLSv1.2"",""151"",""Application Data""";;;;;;;;;;;;;;;;;;;;;
"461,""221.089931"",""162.125.36.2"",""192.168.43.22"",""TCP"",""54"",""443  >  51515 [ACK] Seq=868 Ack=15279 Win=63488 Len=0""";;;;;;;;;;;;;;;;;;;;;
"462,""221.102577"",""162.125.36.2"",""192.168.43.22"",""TCP"",""54"",""443  >  51515 [ACK] Seq=868 Ack=16639 Win=66560 Len=0""";;;;;;;;;;;;;;;;;;;;;
"463,""221.108224"",""162.125.36.2"",""192.168.43.22"",""TCP"",""54"",""443  >  51515 [ACK] Seq=868 Ack=16736 Win=66560 Len=0""";;;;;;;;;;;;;;;;;;;;;
"464,""221.108388"",""162.125.36.2"",""192.168.43.22"",""TLSv1.2"",""627"",""Application Data""";;;;;;;;;;;;;;;;;;;;;
"465,""221.149523"",""192.168.43.22"",""162.125.36.2"",""TCP"",""54"",""51515  >  443 [ACK] Seq=16736 Ack=1441 Win=131840 Len=0""";;;;;;;;;;;;;;;;;;;;;
"466,""224.111984"",""172.217.194.95"",""192.168.43.22"",""TLSv1.2"",""117"",""Application Data""";;;;;;;;;;;;;;;;;;;;;
"467,""224.112110"",""192.168.43.22"",""172.217.194.95"",""TCP"",""54"",""51508  >  443 [ACK] Seq=1 Ack=64 Win=1020 Len=0""";;;;;;;;;;;;;;;;;;;;;
"468,""224.112575"",""172.217.194.95"",""192.168.43.22"",""TCP"",""54"",""443  >  51508 [FIN, ACK] Seq=64 Ack=1 Win=298 Len=0""";;;;;;;;;;;;;;;;;;;;;
"469,""224.112616"",""192.168.43.22"",""172.217.194.95"",""TCP"",""54"",""51508  >  443 [ACK] Seq=1 Ack=65 Win=1020 Len=0""";;;;;;;;;;;;;;;;;;;;;
"470,""224.112888"",""172.217.194.95"",""192.168.43.22"",""TCP"",""54"",""[TCP Out-Of-Order] 443  >  51508 [FIN, ACK] Seq=64 Ack=1 Win=298 Len=0""";;;;;;;;;;;;;;;;;;;;;
"471,""224.112919"",""192.168.43.22"",""172.217.194.95"",""TCP"",""54"",""[TCP Dup ACK 469#1] 51508  >  443 [ACK] Seq=1 Ack=65 Win=1020 Len=0""";;;;;;;;;;;;;;;;;;;;;
"472,""224.113289"",""172.217.194.95"",""192.168.43.22"",""TCP"",""117"",""[TCP Out-Of-Order] 443  >  51508 [FIN, PSH, ACK] Seq=1 Ack=1 Win=298 Len=63""";;;;;;;;;;;;;;;;;;;;;
"473,""224.113319"",""192.168.43.22"",""172.217.194.95"",""TCP"",""66"",""[TCP Dup ACK 469#2] 51508  >  443 [ACK] Seq=1 Ack=65 Win=1020 Len=0 SLE=1 SRE=64""";;;;;;;;;;;;;;;;;;;;;
"482,""242.773459"",""192.168.43.22"",""40.90.189.152"",""TLSv1.2"",""97"",""Application Data""";;;;;;;;;;;;;;;;;;;;;
"483,""242.862620"",""40.90.189.152"",""192.168.43.22"",""TLSv1.2"",""228"",""Application Data""";;;;;;;;;;;;;;;;;;;;;
"484,""242.913546"",""192.168.43.22"",""40.90.189.152"",""TCP"",""54"",""51262  >  443 [ACK] Seq=259 Ack=1045 Win=515 Len=0""";;;;;;;;;;;;;;;;;;;;;
"485,""243.227895"",""192.168.43.22"",""40.90.189.152"",""TLSv1.2"",""153"",""Application Data""";;;;;;;;;;;;;;;;;;;;;
"486,""243.303737"",""40.90.189.152"",""192.168.43.22"",""TLSv1.2"",""223"",""Application Data""";;;;;;;;;;;;;;;;;;;;;
"487,""243.351244"",""192.168.43.22"",""40.90.189.152"",""TCP"",""54"",""51239  >  443 [ACK] Seq=100 Ack=170 Win=512 Len=0""";;;;;;;;;;;;;;;;;;;;;
"488,""243.424202"",""162.125.35.134"",""192.168.43.22"",""TLSv1.2"",""287"",""Application Data""";;;;;;;;;;;;;;;;;;;;;
"489,""243.429897"",""192.168.43.22"",""162.125.35.134"",""TLSv1.2"",""650"",""Application Data""";;;;;;;;;;;;;;;;;;;;;
"490,""243.430708"",""192.168.43.22"",""162.125.35.134"",""TCP"",""1414"",""51383  >  443 [ACK] Seq=9882 Ack=933 Win=514 Len=1360 [TCP segment of a reassembled PDU]""";;;;;;;;;;;;;;;;;;;;;
"491,""243.430708"",""192.168.43.22"",""162.125.35.134"",""TLSv1.2"",""1193"",""Application Data""";;;;;;;;;;;;;;;;;;;;;
"492,""243.745238"",""162.125.35.134"",""192.168.43.22"",""TCP"",""54"",""443  >  51383 [ACK] Seq=933 Ack=9882 Win=273 Len=0""";;;;;;;;;;;;;;;;;;;;;
"493,""243.752506"",""162.125.35.134"",""192.168.43.22"",""TCP"",""54"",""443  >  51383 [ACK] Seq=933 Ack=11242 Win=279 Len=0""";;;;;;;;;;;;;;;;;;;;;
"494,""243.757136"",""162.125.35.134"",""192.168.43.22"",""TCP"",""54"",""443  >  51383 [ACK] Seq=933 Ack=12381 Win=284 Len=0""";;;;;;;;;;;;;;;;;;;;;
"495,""246.275011"",""192.168.43.22"",""162.125.81.7"",""TLSv1.2"",""100"",""Application Data""";;;;;;;;;;;;;;;;;;;;;
"496,""246.279133"",""192.168.43.22"",""162.125.81.7"",""TLSv1.2"",""85"",""Encrypted Alert""";;;;;;;;;;;;;;;;;;;;;
"497,""246.347828"",""162.125.81.7"",""192.168.43.22"",""TCP"",""54"",""443  >  51514 [ACK] Seq=5551 Ack=976 Win=31232 Len=0""";;;;;;;;;;;;;;;;;;;;;
"498,""246.353112"",""162.125.81.7"",""192.168.43.22"",""TCP"",""54"",""443  >  51514 [FIN, ACK] Seq=5551 Ack=976 Win=31232 Len=0""";;;;;;;;;;;;;;;;;;;;;
"499,""246.353192"",""192.168.43.22"",""162.125.81.7"",""TCP"",""54"",""51514  >  443 [ACK] Seq=976 Ack=5552 Win=130560 Len=0""";;;;;;;;;;;;;;;;;;;;;
"508,""279.203160"",""162.125.35.134"",""192.168.43.22"",""TLSv1.2"",""287"",""Application Data""";;;;;;;;;;;;;;;;;;;;;
"509,""279.209882"",""192.168.43.22"",""162.125.35.134"",""TLSv1.2"",""650"",""Application Data""";;;;;;;;;;;;;;;;;;;;;
"510,""279.212514"",""192.168.43.22"",""162.125.35.134"",""TCP"",""1414"",""51383  >  443 [ACK] Seq=12977 Ack=1166 Win=513 Len=1360 [TCP segment of a reassembled PDU]""";;;;;;;;;;;;;;;;;;;;;
"511,""279.212514"",""192.168.43.22"",""162.125.35.134"",""TLSv1.2"",""1193"",""Application Data""";;;;;;;;;;;;;;;;;;;;;
"512,""279.435905"",""162.125.35.134"",""192.168.43.22"",""TLSv1.2"",""287"",""[TCP Spurious Retransmission] , Application Data""";;;;;;;;;;;;;;;;;;;;;
"513,""279.436000"",""192.168.43.22"",""162.125.35.134"",""TCP"",""66"",""[TCP Dup ACK 509#1] 51383  >  443 [ACK] Seq=15476 Ack=1166 Win=513 Len=0 SLE=933 SRE=1166""";;;;;;;;;;;;;;;;;;;;;
"514,""279.543685"",""162.125.35.134"",""192.168.43.22"",""TCP"",""54"",""443  >  51383 [ACK] Seq=1166 Ack=12977 Win=290 Len=0""";;;;;;;;;;;;;;;;;;;;;
"515,""279.543846"",""162.125.35.134"",""192.168.43.22"",""TCP"",""54"",""443  >  51383 [ACK] Seq=1166 Ack=15476 Win=299 Len=0""";;;;;;;;;;;;;;;;;;;;;
"527,""287.786348"",""192.168.43.22"",""40.90.189.152"",""TLSv1.2"",""97"",""Application Data""";;;;;;;;;;;;;;;;;;;;;
"528,""287.861988"",""40.90.189.152"",""192.168.43.22"",""TLSv1.2"",""228"",""Application Data""";;;;;;;;;;;;;;;;;;;;;
"529,""287.910712"",""192.168.43.22"",""40.90.189.152"",""TCP"",""54"",""51262  >  443 [ACK] Seq=302 Ack=1219 Win=514 Len=0""";;;;;;;;;;;;;;;;;;;;;
"530,""296.201328"",""162.125.36.2"",""192.168.43.22"",""TLSv1.2"",""100"",""Application Data""";;;;;;;;;;;;;;;;;;;;;
"531,""296.201736"",""192.168.43.22"",""162.125.36.2"",""TLSv1.2"",""100"",""Application Data""";;;;;;;;;;;;;;;;;;;;;
"532,""296.204278"",""192.168.43.22"",""162.125.36.2"",""TLSv1.2"",""85"",""Encrypted Alert""";;;;;;;;;;;;;;;;;;;;;
"533,""296.503515"",""162.125.36.2"",""192.168.43.22"",""TCP"",""54"",""443  >  51515 [ACK] Seq=1487 Ack=16814 Win=66560 Len=0""";;;;;;;;;;;;;;;;;;;;;
"534,""296.503669"",""162.125.36.2"",""192.168.43.22"",""TCP"",""54"",""[TCP Previous segment not captured] 443  >  51515 [FIN, ACK] Seq=1518 Ack=16814 Win=66560 Len=0""";;;;;;;;;;;;;;;;;;;;;
"535,""296.503711"",""192.168.43.22"",""162.125.36.2"",""TCP"",""54"",""[TCP Dup ACK 531#1] 51515  >  443 [ACK] Seq=16814 Ack=1487 Win=131840 Len=0""";;;;;;;;;;;;;;;;;;;;;
"536,""296.503993"",""162.125.36.2"",""192.168.43.22"",""TCP"",""85"",""[TCP Out-Of-Order] 443  >  51515 [PSH, ACK] Seq=1487 Ack=16814 Win=66560 Len=31""";;;;;;;;;;;;;;;;;;;;;
"537,""296.504029"",""192.168.43.22"",""162.125.36.2"",""TCP"",""54"",""51515  >  443 [RST, ACK] Seq=16814 Ack=1518 Win=0 Len=0""";;;;;;;;;;;;;;;;;;;;;
"538,""311.049201"",""162.125.35.134"",""192.168.43.22"",""TLSv1.2"",""287"",""Application Data""";;;;;;;;;;;;;;;;;;;;;
"539,""311.057466"",""192.168.43.22"",""162.125.35.134"",""TLSv1.2"",""650"",""Application Data""";;;;;;;;;;;;;;;;;;;;;
"540,""311.058817"",""192.168.43.22"",""162.125.35.134"",""TCP"",""1414"",""51383  >  443 [ACK] Seq=16072 Ack=1399 Win=512 Len=1360 [TCP segment of a reassembled PDU]""";;;;;;;;;;;;;;;;;;;;;
"541,""311.058817"",""192.168.43.22"",""162.125.35.134"",""TLSv1.2"",""1193"",""Application Data""";;;;;;;;;;;;;;;;;;;;;
"542,""311.381481"",""162.125.35.134"",""192.168.43.22"",""TCP"",""54"",""443  >  51383 [ACK] Seq=1399 Ack=16072 Win=305 Len=0""";;;;;;;;;;;;;;;;;;;;;
"543,""311.387117"",""162.125.35.134"",""192.168.43.22"",""TCP"",""54"",""443  >  51383 [ACK] Seq=1399 Ack=17432 Win=310 Len=0""";;;;;;;;;;;;;;;;;;;;;
"544,""311.387266"",""162.125.35.134"",""192.168.43.22"",""TCP"",""54"",""443  >  51383 [ACK] Seq=1399 Ack=18571 Win=316 Len=0""";;;;;;;;;;;;;;;;;;;;;
"553,""332.798416"",""192.168.43.22"",""40.90.189.152"",""TLSv1.2"",""97"",""Application Data""";;;;;;;;;;;;;;;;;;;;;
"554,""332.915419"",""40.90.189.152"",""192.168.43.22"",""TCP"",""54"",""443  >  51262 [ACK] Seq=1219 Ack=345 Win=7891 Len=0""";;;;;;;;;;;;;;;;;;;;;
"555,""333.001282"",""40.90.189.152"",""192.168.43.22"",""TLSv1.2"",""228"",""Application Data""";;;;;;;;;;;;;;;;;;;;;
